index,Aq_sp_Aq107,Aq_sp_Aq135,Aq_sp_Aq349
GAA10+CBM73+CBM73,0,1,0
PF11751.9,6,13,7
PF08712.12,1,1,1
PF07311.13,1,1,1
PF13899.7,1,2,2
PF00814.26,1,1,1
PF00364.23,6,6,6
PF02321.19,7,5,6
PF02687.22,16,9,18
PF13304.7,25,20,31
PF10067.10,3,3,3
PF00578.22,22,20,16
PF03626.15,1,1,1
PF00510.19,2,2,3
PF01040.19,4,3,4
PF00753.28,6,8,13
PF03544.15,5,3,3
PF04892.13,0,1,1
PF01597.20,1,1,2
PF14349.7,1,1,1
PF00633.24,2,2,2
PF13207.7,1,2,1
PF00390.20,1,1,1
PF08331.11,1,1,1
PF00924.19,8,6,6
PF00067.23,1,2,2
PF00004.30,21,18,17
PF00115.21,2,2,4
PF00116.21,1,1,1
PF13442.7,5,2,4
PF11821.9,1,1,1
PF03916.15,1,2,2
PF13247.7,0,1,0
PF14522.7,2,4,2
PF00009.28,4,4,3
PF07650.18,1,2,2
PF02576.18,1,1,1
PF00582.27,11,2,12
PF02633.15,0,1,0
PF14298.7,1,4,2
PF13715.7,75,72,89
PF00196.20,20,14,26
PF00501.29,14,15,6
PF11028.9,2,2,2
GCE4,2,2,2
PF00085.21,7,5,4
PF00149.29,12,9,10
PF01367.21,1,1,1
PF01391.19,1,4,2
PF00144.25,32,28,51
GCBM9,2,5,7
PF00572.19,1,1,1
PF00380.20,1,1,1
PF00318.21,1,1,1
PF00889.20,1,1,1
PF00696.29,7,7,6
PF01765.20,1,1,1
PF00873.20,6,7,7
PF00152.21,2,1,2
PF00413.25,1,3,0
PF00023.31,5,7,12
PF00199.20,0,2,1
PF04397.16,38,26,64
PF06580.14,23,14,50
PF12844.8,6,9,8
PF04012.13,1,1,0
COG2268,1,1,0
PF05488.14,1,3,1
PF13308.7,2,4,1
PF13463.7,4,2,4
PF00583.26,26,28,50
PF02518.27,52,36,51
PF00309.21,1,1,1
PF13568.7,1,4,3
PF02472.17,5,5,5
PF01618.17,3,2,3
PF00710.21,1,1,1
PF01026.22,1,1,1
PF14559.7,1,2,2
PF04542.15,28,20,30
PF18911.1,0,1,0
PF12770.8,10,8,5
PF13650.7,5,2,2
PF14300.7,0,1,0
PF01244.22,1,1,1
PF13302.8,2,3,2
PF01841.20,1,1,0
PF02911.19,1,2,2
PF07484.13,1,1,2
PF10084.10,0,2,0
PF00188.27,1,2,3
PF00676.21,4,4,4
PF01063.20,3,3,3
PF00198.24,4,4,4
PF00132.25,11,11,15
PF00378.21,7,6,9
PF00171.23,7,11,11
PF00109.27,6,10,12
PF03061.23,10,10,12
PF00725.23,3,3,3
PF01883.20,2,2,2
PF05138.13,2,2,2
PF06243.12,1,1,1
PF00970.25,5,5,3
PF17932.2,1,1,1
PF03724.17,1,1,1
PF18962.1,34,19,26
PF00351.22,1,1,1
PF08885.12,1,1,1
PF02272.20,1,1,1
PF01551.23,13,9,9
PF09587.11,2,1,1
PF00376.24,1,2,1
PF04011.13,0,2,1
PF04536.15,0,2,2
PF13585.7,11,19,10
PF00005.28,8,5,7
COG3391,1,2,1
PF00350.24,1,1,1
PF01235.18,3,2,3
PF00588.20,7,8,8
COG2849,1,2,1
PF11860.9,0,1,1
PF01266.25,20,9,19
PF00221.20,2,2,2
PF14903.7,1,5,2
PF00106.26,23,20,24
PF00550.26,3,7,8
PF03279.14,3,4,4
PF08541.11,1,1,1
COG0764,0,1,1
PF14399.7,1,1,1
PF01061.25,1,1,2
PF00891.19,0,1,1
PF03548.16,2,2,2
PF07977.14,2,2,3
GT2_Glycos_transf_2,15,7,10
PF01593.25,9,4,7
PF03417.17,1,1,1
PF14329.7,3,1,4
PF02567.17,2,2,3
PF00072.25,17,16,19
PF07700.16,1,1,1
PF13448.7,2,2,2
PF00801.21,4,2,6
COG3209,0,2,0
PF00565.18,0,1,0
PF00589.23,4,6,5
PF04002.16,3,2,2
PF10543.10,0,3,0
GCBM5+GH18+GH19,0,1,0
PF00515.29,17,7,15
PF01943.18,4,3,5
PF01740.22,3,3,4
PF00534.21,1,2,2
PF12799.8,4,8,8
GH5_42,1,1,1
COG5617,1,1,1
PF13620.7,4,5,3
PF00756.21,5,9,6
PF03929.17,3,7,4
PF01400.25,6,5,12
PF12833.8,49,31,80
PF00561.21,37,20,37
COG0664,0,3,1
PF00325.21,0,1,0
PF01070.19,1,1,1
PF04717.13,7,8,1
PF14107.7,3,7,0
PF00560.34,2,3,2
PF00930.22,1,3,9
PF12708.8,0,1,0
PF13545.7,0,1,1
PF09424.11,1,1,1
PF12327.9,1,1,1
PF06277.12,1,1,1
PF01225.26,4,4,4
GT28,1,1,1
PF01098.20,2,2,2
PF02875.22,1,1,1
PF00953.22,1,2,1
PF03793.20,2,2,2
PF01795.20,1,1,1
PF02381.19,1,1,1
PF02421.19,2,3,2
PF02540.18,2,1,2
PF10410.10,1,1,1
PF00041.22,4,11,24
PF00348.18,2,2,2
PF13394.7,1,1,1
PF16036.6,4,4,4
PF02547.16,1,1,1
PF00275.21,2,2,2
PF03819.18,2,2,2
PF12969.8,2,1,2
PF02580.17,1,1,1
PF13505.7,19,15,16
PF01926.24,1,1,1
PF01817.22,1,1,1
PF03446.16,0,1,0
PF00155.22,25,24,28
PF00800.19,1,1,1
PF01073.20,12,11,12
PF01037.22,8,8,13
PF13175.7,6,5,10
PF10988.9,7,6,9
PF09411.11,1,2,2
PF02219.18,1,1,1
PF05163.13,4,2,8
PF02310.20,6,3,3
PF02574.17,1,1,1
PF08695.11,2,2,2
PF00111.28,2,2,3
PF03486.15,0,1,1
PF13241.7,1,2,1
PF00590.21,5,6,5
PF05168.15,1,1,1
PF00691.21,10,13,10
PF00528.23,5,4,4
PF09375.11,3,3,3
PF00034.22,1,2,2
PF06695.12,0,1,1
PF14526.7,2,4,8
PF01035.21,2,2,3
PF13640.7,3,2,2
PF13532.7,1,1,1
PF14534.7,4,3,5
PF00126.28,4,10,9
PF00025.22,4,3,4
PF09685.11,2,3,3
PF00909.22,1,1,1
PF00543.23,2,1,2
PF00310.22,1,1,1
PF04452.15,1,1,1
PF02543.16,1,1,1
PF04357.14,1,1,1
PF01513.22,3,3,3
PF04450.13,0,1,0
PF00857.21,1,4,3
PF00027.30,22,14,25
PF01361.22,0,2,1
PF02622.16,1,1,1
PF00216.22,2,4,2
PF00270.30,13,11,12
PF13521.7,3,3,2
PF02738.19,1,1,1
PF13478.7,1,1,1
PF12804.8,2,1,2
PF04359.15,1,1,1
PF14123.7,1,1,1
PF03989.14,1,1,1
PF17293.3,2,1,0
PF00145.18,1,2,0
PF02601.16,0,1,0
PF06855.13,0,1,0
PF14053.7,0,1,0
PF05257.17,2,2,1
PF09509.11,0,1,0
PF00078.28,0,3,1
PF18735.2,0,2,0
PF11335.9,0,1,1
PF00668.21,2,1,0
PF00698.22,4,3,3
PF00975.21,1,1,0
PF05721.14,1,2,1
PF06267.13,1,1,2
PF09907.10,0,1,0
COG5499,0,1,0
PF13648.7,5,6,7
PF18981.1,0,1,2
PF03050.15,0,1,0
PF03903.14,4,2,2
PF05572.14,0,1,3
PF13551.7,0,1,0
PF13610.7,0,1,0
GCBM5+CBM73+GH18,0,1,1
PF01047.23,1,3,1
PF06170.13,0,2,0
PF12080.9,1,1,1
PF03781.17,3,3,5
PF00491.22,3,2,3
PF01131.21,2,2,1
PF04055.22,8,4,6
PF07728.15,4,4,5
PF04390.13,1,1,1
PF03840.15,1,1,1
PF00166.22,1,1,1
PF00118.25,1,1,1
PF01274.23,1,1,1
PF00463.22,1,1,1
PF01427.18,1,1,1
PF11827.9,1,2,2
PF01590.27,5,3,6
PF00639.22,3,3,3
PF07947.15,1,1,2
PF00571.29,11,13,13
PF06835.14,1,1,1
PF03349.17,1,1,1
PF03309.15,1,1,1
PF14129.7,1,1,1
PF01979.21,14,9,17
GT2,5,4,5
PF14093.7,1,1,1
PF02602.16,2,2,2
PF01293.21,1,1,1
PF04241.16,1,1,1
PF16653.6,1,1,1
PF04298.13,1,1,1
PF02826.20,6,4,5
PF03083.17,0,1,0
PF08264.14,4,4,4
PF02558.17,1,1,2
PF01289.20,2,1,1
PF18075.2,1,1,0
PF01790.19,2,2,3
PF11297.9,1,1,1
PF02673.19,1,1,1
PF16198.6,1,1,1
PF14595.7,1,2,2
PF03352.14,1,2,1
PF00156.28,8,8,8
PF03588.15,1,1,1
PF11325.9,1,1,1
PF01613.19,2,4,1
PF11969.9,1,2,1
PF01272.20,1,1,1
PF06968.14,2,2,2
PF00977.22,2,4,2
PF02581.18,2,3,1
PF08543.13,1,1,1
PF13667.7,1,1,1
PF07715.16,6,3,3
PF00472.21,2,2,2
PF14134.7,1,1,1
PF04973.13,1,1,1
PF01910.18,0,1,0
PF01648.21,3,3,3
PF01016.20,1,1,1
PF14520.7,1,1,0
PF13858.7,5,3,4
PF00892.21,9,10,11
PF00436.26,3,1,2
PF10150.10,1,1,1
PF14028.7,1,1,1
PF04738.14,1,1,1
PF02631.17,1,1,1
PF03572.19,14,6,23
PF13621.7,1,1,1
PF00202.22,5,5,7
PF13500.7,4,4,4
PF00326.22,6,6,4
PF02823.17,1,1,1
PF00006.26,3,3,3
PF13472.7,4,4,4
PF13230.7,1,1,1
PF14092.7,1,1,1
GT5,2,2,2
PF02569.16,1,1,1
PF02261.17,1,1,1
PF03706.14,2,2,2
PF00248.22,4,2,3
PF01554.19,6,9,6
PF01242.20,2,2,2
PF07681.13,4,5,2
PF01118.25,2,2,2
PF01741.19,1,1,1
PF00842.22,1,1,1
PF00265.19,1,1,1
PF13564.7,4,1,2
PF08888.12,1,1,0
PF02627.21,6,6,5
PF01368.21,2,2,2
PF02668.17,0,3,1
PF10862.9,0,2,0
PF10677.10,1,2,2
PF02311.20,6,8,14
PF08239.12,2,11,2
PF01654.18,1,1,1
PF02322.16,1,1,1
PF01839.24,8,3,3
PF03795.15,3,2,4
PF17957.2,3,1,2
GH20,0,2,3
PF01869.21,1,2,1
PF01182.21,1,2,3
PF12741.8,2,5,7
PF00474.18,9,5,10
COG4299,0,1,1
GCBM5+GH19,0,1,1
GCBM5+GH18,0,2,1
PF07676.13,3,4,11
PF03458.14,1,1,1
PF01134.23,1,1,0
PF04024.13,1,1,1
PF03551.15,1,1,1
PF14539.7,1,1,1
PF01987.18,2,1,1
PF04955.13,0,1,2
PF01882.19,4,2,4
PF14258.7,1,1,1
PF06790.12,0,1,0
PF01944.18,1,1,1
PF06271.13,2,1,4
PF00160.22,1,1,1
PF00293.29,8,7,7
PF01553.22,5,4,5
PF13239.7,7,4,4
PF07766.14,1,1,1
PF00080.21,1,1,1
PF00629.24,1,1,3
GCBM73,0,1,0
PF12697.8,0,1,0
PF13502.7,1,1,1
PF02592.16,1,1,1
PF01712.20,2,1,1
PF01624.21,1,1,1
PF16925.6,3,4,2
PF12823.8,0,2,0
PF01494.20,0,5,5
PF16197.6,0,1,1
PF00355.27,1,1,0
PF08240.13,2,1,2
PF11583.9,0,1,0
PF00117.29,3,4,5
GCBM6+CBM6,0,1,0
PF00388.20,0,1,1
GCBM6+GH64,0,1,0
GCBM6+GH16,2,1,0
PF07495.14,1,1,0
PF00082.23,7,4,4
COG1595,5,1,1
PF00805.23,2,3,3
PF00881.25,5,6,5
PF04480.13,2,1,1
PF09949.10,1,1,1
PF03030.17,1,1,1
PF00719.20,1,1,2
PF02780.21,2,2,2
PF01012.22,2,2,2
PF02577.15,1,1,1
PF07670.15,1,1,1
PF00303.20,1,1,1
PF12867.8,6,5,10
PF10017.10,1,1,1
PF04248.13,2,1,1
PF10282.10,0,1,0
PF00291.26,7,9,12
PF16561.6,1,1,1
PF00266.20,6,8,8
PF01636.24,2,2,1
PF02698.18,0,1,0
PF04940.13,3,3,1
PF01339.18,0,1,0
PF16203.6,0,1,1
GT30,1,1,1
PF13229.7,5,7,4
PF09365.11,3,2,3
PF13238.7,7,7,6
PF03625.15,1,2,2
PF01757.23,3,3,5
PF02773.17,1,1,1
PF02566.20,2,2,4
PF09834.10,1,2,1
PF01507.20,2,2,2
COG1943,0,1,0
PF04851.16,0,1,0
PF00263.22,1,1,1
PF07963.13,1,1,0
PF00482.24,1,1,1
PF05099.14,2,3,2
PF00316.21,1,1,1
PF13444.7,1,1,1
PF01451.22,2,2,2
PF12840.8,1,4,3
PF05154.17,1,1,1
PF05656.15,1,1,0
PF00903.26,12,9,14
PF08818.12,4,4,5
COG4339,1,1,1
PF00389.31,5,3,3
PF08241.13,16,10,23
PF05658.15,0,1,1
PF00398.21,1,1,1
PF14114.7,1,1,1
PF12895.8,12,8,15
PF02403.23,1,1,1
PF05090.15,2,2,3
PF01467.27,3,3,3
PF01195.20,1,1,1
PF01386.20,1,1,1
PF14280.7,0,1,0
PF07751.12,0,1,0
PF10626.10,2,1,0
PF02534.15,0,1,0
PF18976.1,0,1,0
COG1484,0,1,0
PF12728.8,2,2,1
PF13191.7,4,3,4
PF00797.18,0,2,1
PF13424.7,2,2,3
PF02525.18,4,5,5
COG1917,0,1,0
PF01475.20,3,3,4
PF13795.7,2,1,1
PF00383.24,4,3,4
PF13180.7,1,2,2
PF01914.18,1,2,1
PF11307.9,1,1,1
PF00268.22,1,2,1
PF03477.17,1,1,2
PF01966.23,5,5,5
PF03928.15,1,2,2
PF00230.21,1,2,2
PF13292.7,2,2,2
PF14439.7,0,1,0
PF00929.25,1,2,1
PF00313.23,4,3,6
PF02938.15,1,1,1
PF18942.1,1,2,1
PF13274.7,0,1,0
PF02661.19,0,2,0
PF03150.15,5,4,6
PF05525.14,1,1,1
PF00586.25,1,1,1
PF01521.21,1,1,1
PF01458.18,2,2,2
PF02657.16,1,1,1
PF10652.10,1,1,1
PF11276.9,2,2,2
PF05195.17,1,1,2
PF02012.21,5,7,7
PF11026.9,2,1,1
PF03328.15,2,2,2
PF00035.27,1,1,1
PF00551.20,3,1,2
PF01693.17,1,1,1
PF00294.25,4,1,1
PF13522.7,1,1,1
PF02777.19,1,2,2
PF18958.1,0,1,1
PF13245.7,5,4,4
PF12705.8,1,1,1
PF01894.18,1,1,1
PF08282.13,1,3,0
PF12706.8,5,3,4
PF00679.25,3,3,3
PF01207.18,3,2,4
PF12704.8,0,1,1
PF02033.19,1,1,1
PF00677.18,1,1,1
PF04166.13,1,1,1
PF02620.18,1,1,1
PF08545.11,6,3,5
PF02222.23,6,6,6
GT51,5,4,4
PF07733.13,2,1,2
PF00817.21,2,2,2
PF01380.23,1,2,1
PF04199.14,1,1,1
PF02646.17,1,1,1
PF12679.8,4,9,8
PF03992.17,1,2,3
PF01887.17,1,1,1
PF01259.19,1,2,1
PF01904.19,1,1,1
PF00440.24,6,7,10
PF04389.18,5,4,6
GCE14,1,1,1
PF10417.10,1,2,3
PF01219.20,1,1,1
PF12846.8,1,1,1
PF03739.15,2,2,2
PF00926.20,1,1,1
PF14248.7,0,1,2
PF03971.15,1,1,1
PF01245.21,1,1,1
PF16344.6,8,7,12
PF03600.17,3,3,2
PF01746.22,1,1,1
PF02800.21,4,3,3
PF00595.25,4,3,3
PF01678.20,2,1,1
PF02618.17,1,1,1
PF01205.20,1,1,1
PF13419.7,5,5,5
PF02527.16,1,2,1
PF18306.2,3,2,2
PF00533.27,1,1,1
PF00701.23,2,1,4
PF07885.17,2,2,3
PF13432.7,1,1,1
PF01192.23,1,1,1
PF04127.16,1,1,1
PF16119.6,1,1,1
PF07949.13,1,1,1
PF01715.18,0,1,1
PF00520.32,1,3,3
PF01541.25,4,3,5
PF01168.21,1,2,2
PF06245.12,1,1,1
PF01408.23,4,5,5
PF01135.20,1,1,1
PF01668.19,1,1,1
PF13026.7,2,1,0
PF00300.23,3,3,4
PF01433.21,5,4,7
PF01734.23,4,3,5
PF01645.18,1,1,1
PF07687.15,6,4,6
PF02635.16,1,1,1
PF19081.1,3,1,3
PF01300.19,2,2,2
PF18417.2,1,2,3
PF04294.14,0,1,0
PF01638.18,2,5,7
PF00795.23,3,4,4
COG2128,2,1,1
PF01161.21,1,1,1
PF04982.14,0,1,0
PF01177.23,3,2,3
PF18990.1,1,1,1
PF01048.21,2,1,3
PF01253.23,1,1,1
PF03171.21,1,1,1
PF05118.16,0,1,1
PF00984.20,1,1,1
PF04230.14,1,1,1
GT4,14,7,11
PF03062.20,4,5,7
PF14897.7,1,1,1
PF00535.27,5,4,5
COG1541,4,2,1
PF00733.22,1,4,3
PF14397.7,1,1,0
PF02397.17,5,3,4
PF13480.8,3,3,3
PF02563.17,1,2,1
PF13614.7,3,3,4
K01104,1,1,1
COG3743,1,1,1
PF01634.19,1,2,1
PF00815.21,1,1,1
PF04864.14,1,1,1
PF00475.19,1,1,1
PF01502.19,1,1,1
PF17092.6,1,1,1
PF05610.12,1,1,1
PF06719.14,1,1,0
PF00185.25,2,2,2
PF13098.7,1,3,2
PF10590.10,2,1,1
PF01345.19,1,1,2
PF13091.7,2,1,1
PF02541.17,1,1,1
PF02784.17,1,2,1
PF11009.9,1,1,1
K06886,0,1,0
PF01557.19,2,6,5
PF01212.22,1,3,3
PF01252.19,2,2,2
PF03372.24,2,3,3
PF01262.22,0,1,1
PF00664.24,4,6,7
PF04307.15,2,2,2
PF01936.19,1,1,1
PF04715.14,2,2,2
PF01171.21,1,1,1
PF11412.9,1,2,1
PF02129.19,4,3,1
PF05960.12,2,1,4
PF16011.6,0,1,0
PF07609.12,1,2,0
PF16401.6,0,1,0
PF02638.16,0,1,0
PF13533.7,4,3,6
GH13_7,1,2,2
PF14292.7,1,1,1
PF14322.7,5,10,11
PF00356.22,4,3,3
PF07690.17,13,9,16
GH65,2,1,1
GH13,3,1,2
PF13875.7,1,1,1
PF09722.11,1,1,1
PF08808.12,1,1,1
PF01431.22,1,1,1
PF11199.9,1,1,1
PF01566.19,1,1,2
PF03746.17,1,1,1
PF02682.17,1,1,1
PF02626.16,1,1,1
PF00920.22,1,1,1
PF02775.22,2,2,3
PF01842.26,1,2,2
PF13508.8,2,1,2
PF00764.20,1,1,1
PF03807.18,5,2,4
PF00206.21,1,1,1
PF01039.23,3,3,3
PF13689.7,1,1,1
PF00375.19,1,2,1
PF02230.17,1,2,2
PF10000.10,1,1,1
PF00330.21,4,3,2
PF00775.22,1,1,2
PF01810.19,6,5,10
PF16286.6,0,1,0
PF11288.9,0,1,0
PF05016.16,0,2,0
PF03693.15,0,2,0
PF01609.22,0,3,1
PF01548.18,1,1,0
PF11042.9,1,1,0
PF10544.10,0,1,0
PF02357.20,1,1,1
PF13884.7,0,1,0
PF01256.18,1,2,1
PF00962.23,1,1,1
PF01156.20,0,1,1
PF01306.20,1,1,0
PF18765.2,0,1,0
PF00258.26,1,2,2
PF10029.10,1,2,1
PF14064.7,1,1,1
PF01476.21,3,4,4
COG4278,0,1,1
PF13649.7,4,2,5
PF00282.20,0,1,2
PF13523.7,2,1,2
PF13434.7,1,1,2
PF06276.13,0,1,1
PF10670.10,0,1,1
PF13468.7,0,1,1
PF01739.19,0,1,1
PF03435.19,0,1,0
PF04007.13,0,1,1
COG0189,0,1,0
PF13231.7,1,1,1
PF02469.23,6,1,2
PF17541.3,1,1,0
PF09994.10,1,2,0
PF11153.9,1,2,0
PF17642.2,4,6,0
PF17555.3,1,1,0
PF06996.12,0,1,0
PF00877.20,3,3,2
PF04965.15,3,1,1
PF05947.13,1,1,0
PF17561.3,1,1,0
PF01041.18,1,1,2
PF00478.26,0,1,0
PF03186.14,1,1,1
COG3411,0,1,1
COG0451,0,1,1
PF06180.12,1,1,1
PF08238.13,0,2,0
PF14080.7,0,1,0
PF13672.7,1,1,1
PF08327.12,4,2,4
PF08279.13,1,3,5
PF07883.12,5,1,6
PF13644.7,2,2,1
PF02514.17,1,1,1
PF12388.9,3,3,8
PF03480.14,2,1,1
PF06808.13,2,1,1
PF04290.13,2,1,1
PF03883.15,1,1,1
PF12681.8,1,1,1
GH99,0,1,1
PF00849.23,5,4,5
PF01522.22,1,1,1
PF04072.15,1,1,0
PF00916.21,1,2,3
GH18,1,2,2
PF04972.18,0,1,1
PF03099.20,2,1,2
PF02410.16,1,1,1
PF02589.16,1,1,1
PF01148.21,1,1,1
PF02666.16,1,1,1
PF00887.20,1,1,0
PF07610.12,3,2,2
PF01565.24,2,1,2
PF07638.12,9,4,7
PF16881.6,0,1,0
PF02606.15,1,1,1
PF01784.19,1,1,1
PF02591.16,1,1,1
GT0+GT4,1,1,0
PF01649.19,1,1,1
PF03129.21,4,4,4
PF01227.23,4,2,3
PF09190.12,1,1,1
PF03462.19,2,2,2
PF16410.6,1,2,1
PF01625.22,3,3,2
PF02769.23,2,2,2
PF03783.15,1,1,1
PF10614.10,1,1,1
PF10627.10,1,1,1
PF07012.13,2,1,5
PF00120.25,2,2,2
PF01699.25,1,1,1
PF03938.15,5,5,5
PF13385.7,1,2,3
PF02559.17,1,1,1
PF08378.12,1,1,0
PF02016.16,1,1,1
PF08811.12,3,1,1
PF07394.13,3,1,1
PF00850.20,1,1,1
PF16403.6,0,1,1
PF13085.7,1,1,1
PF00890.25,0,2,2
PF01127.23,1,1,1
PF01928.22,1,1,1
PF03924.14,0,1,1
PF02872.19,1,1,1
PF14094.7,0,1,1
PF00207.23,2,2,2
PF01112.19,0,1,2
PF13676.7,1,2,2
PF03405.15,1,1,1
PF06491.12,1,1,1
PF00226.32,2,2,4
PF05834.13,1,1,1
PF07664.13,1,1,1
PF02630.15,2,1,3
PF07661.14,7,3,5
PF01965.25,5,5,5
PF01619.19,1,2,1
PF12893.8,4,3,8
PF13972.7,0,1,3
PF18096.2,1,1,1
PF01594.17,1,1,1
PF13709.7,2,1,2
PF06764.12,1,1,1
PF00712.20,1,1,1
PF01032.19,1,1,1
PF01497.19,2,2,2
PF02654.16,1,1,1
PF02277.18,1,1,1
PF02283.17,1,1,1
PF14060.7,2,2,2
PF08328.12,1,1,1
PF02146.18,1,1,1
PF16347.6,0,1,1
PF02867.16,0,1,0
PF00441.25,6,5,4
PF07007.13,0,1,1
PF15418.7,0,1,0
PF14902.7,1,1,1
PF02492.20,3,3,3
PF05593.15,1,3,8
PF06877.12,0,1,0
PF13401.7,0,1,1
PF07859.14,1,2,2
PF03301.14,1,2,2
PF06167.13,1,1,1
PF01027.21,1,1,1
PF12831.8,1,2,2
PF00834.20,1,1,1
PF00140.21,1,1,1
PF12146.9,2,2,3
PF05139.15,0,1,1
PF00490.22,1,1,1
COG4654,0,1,1
PF01738.19,1,1,2
PF10108.10,1,1,1
PF13279.7,1,1,2
PF03960.16,2,2,2
PF11738.9,1,1,2
PF00208.22,2,3,3
PF02565.16,1,1,1
PF14905.7,1,1,1
PF12710.8,1,2,1
PF13474.7,1,1,2
PF03459.18,0,1,1
PF01547.26,0,1,0
PF02353.21,4,2,6
COG3324,3,1,1
PF04993.14,1,1,1
PF04209.14,0,2,2
GH109,0,2,2
PF11958.9,0,2,1
PF10509.10,1,2,3
PF00483.24,3,6,5
PF03109.17,1,1,0
PF17931.2,1,1,0
PF03073.16,1,1,1
PF00884.24,0,1,0
PF00324.22,0,1,0
PF06792.12,0,1,0
PF02962.16,0,2,2
PF03241.14,0,1,0
PF05141.13,0,1,1
PF07366.13,6,5,6
PF13276.7,0,1,0
PF01527.21,0,1,0
PF03601.15,0,2,1
PF03092.17,0,1,1
GH3,7,4,5
PF03702.15,1,1,1
PF04977.16,1,1,1
PF01642.23,1,1,1
PF17762.2,1,1,1
PF18935.1,1,1,1
PF05173.15,1,1,2
PF18936.1,1,1,1
PF08889.12,1,1,2
PF04493.15,0,1,0
PF01694.23,4,4,4
PF01119.20,1,1,1
PF00885.20,1,1,1
PF05258.13,1,1,1
PF00334.20,1,1,1
PF00254.29,4,3,3
PF05013.13,0,1,1
PF05962.12,0,1,1
PF01175.19,1,1,1
PF00875.19,3,1,1
COG4276,1,1,2
PF11138.9,6,3,4
PF02585.18,1,1,1
PF00488.22,2,1,2
PF03167.20,2,2,2
PF09084.12,2,1,1
PF04313.15,1,1,1
PF06144.14,1,1,1
PF15648.7,1,2,0
PF09917.10,2,2,2
PF10415.10,1,1,1
PF16313.6,4,1,2
PF13455.7,0,1,0
PF12894.8,0,1,0
PF05147.14,2,2,2
PF07411.13,1,3,1
PF02575.17,1,1,1
PF13557.7,1,1,1
PF16118.6,1,1,1
PF09586.11,1,1,1
PF13174.7,0,1,0
PF00730.26,1,1,1
PF14099.7,1,2,0
PF03009.18,1,1,1
GH31,2,2,2
PF03411.14,0,1,1
PF07584.12,3,3,3
PF01042.22,4,4,6
COG1452,1,1,1
PF01520.19,2,1,1
PF02470.21,1,1,2
PF00037.28,3,3,4
PF03767.15,0,1,0
PF02754.17,1,1,1
PF03602.16,3,2,3
PF12864.8,1,1,1
PF02348.20,3,2,2
PF00070.28,1,1,1
PF01709.21,1,1,1
PF01329.20,1,1,1
PF02545.15,1,1,1
PF02590.18,1,1,1
PF01729.20,1,1,1
PF03631.16,1,1,1
PF01250.18,1,1,1
PF01084.21,1,1,1
PF03948.15,1,1,1
COG3211,1,1,0
PF09674.11,1,1,1
PF06078.12,1,1,1
PF05893.15,1,1,1
GH13_19,2,1,1
PF13378.7,1,1,1
PF02517.17,10,4,9
PF13173.7,2,2,2
PF12689.8,0,1,1
PF01925.20,4,2,4
PF13657.7,1,1,1
PF02367.18,1,1,1
PF08665.13,1,1,1
GCE11,1,1,1
PF13720.7,1,1,1
PF01132.21,1,1,1
PF02629.20,1,1,1
PF00675.21,5,2,4
PF01145.26,7,5,7
PF00022.20,2,2,2
PF01416.21,2,2,2
PF03473.18,1,1,2
PF01263.21,2,1,2
PF07698.12,1,1,1
PF05299.13,2,2,2
PF00999.22,3,2,3
PF00825.19,1,1,1
PF01545.22,0,1,2
PF02502.19,1,1,1
PF17876.2,1,1,1
PF02152.19,1,1,1
PF00749.22,2,2,2
PF13779.7,2,1,0
PF02130.18,1,1,1
PF06832.13,2,1,3
PF19078.1,3,1,1
PF01808.19,1,1,1
PF04085.15,1,1,1
PF03717.16,1,1,1
PF01223.24,2,1,1
PF13462.7,2,1,1
PF11818.9,1,1,1
PF01975.18,1,1,1
GT19,1,1,1
PF03772.17,1,1,1
PF00368.19,1,1,1
COG1577,1,1,2
PF16078.6,1,1,1
PF11066.9,2,2,2
PF03160.15,1,1,2
PF00574.24,2,2,2
PF02557.18,1,1,1
PF01435.19,4,4,3
PF06415.14,1,1,1
PF00557.25,2,1,2
PF02424.16,1,2,2
PF16138.6,1,1,1
PF02508.15,2,2,2
PF04205.15,1,1,1
PF03116.16,1,1,1
PF05896.12,1,1,1
PF17116.6,1,1,1
PF12412.9,7,1,3
PF04379.15,1,1,1
PF05742.13,1,1,1
PF00487.25,5,1,3
PF02386.17,1,1,1
PF01103.24,3,2,2
PF01116.21,1,1,1
PF00312.23,1,1,1
PF00013.30,1,1,1
PF17886.2,1,1,2
PF07308.14,1,1,1
PF13847.7,1,2,1
PF06172.12,1,1,1
PF08442.11,1,1,1
PF02190.17,1,1,1
PF01243.21,3,2,3
PF10079.10,1,1,1
PF00246.25,5,3,5
PF01432.21,1,2,3
PF01381.23,2,3,1
PF13177.7,1,1,1
PF00162.20,1,1,1
GCBM50+GH23,1,1,1
PF16125.6,1,1,1
PF12836.8,2,2,2
PF02416.17,2,2,1
PF03321.14,2,2,2
PF01238.22,1,1,1
PF00908.18,1,2,1
PF01370.22,2,3,6
PF01113.21,1,1,0
PF01761.21,1,2,1
PF04074.13,1,1,0
COG2244,0,1,0
PF01973.19,1,1,0
PF03808.14,0,1,0
PF04932.16,4,2,3
PF02655.15,2,3,3
PF14063.7,1,1,1
GT9,2,2,2
PF09413.11,2,1,1
PF07313.13,0,1,1
PF00180.21,2,1,1
PF00694.20,2,1,1
PF00682.20,3,2,2
PF02548.16,1,1,1
PF03313.16,1,1,1
PF14450.7,1,1,1
PF01019.22,2,1,2
PF04336.13,1,1,1
PF01731.21,2,1,3
PF02878.17,2,2,2
PF12072.9,0,2,0
PF03968.15,1,1,1
PF04018.14,2,2,2
PF08501.12,1,1,1
PF03993.13,1,1,1
PF08242.13,0,2,1
PF02096.21,1,1,1
PF06418.15,1,1,1
PF18347.2,1,1,1
PF01327.22,1,1,1
PF03652.16,1,1,1
PF04572.13,0,1,0
PF02628.16,1,1,1
PF07929.12,1,1,1
PF04245.14,1,1,1
PF03235.15,0,1,0
PF18160.2,0,1,0
PF09848.10,0,1,0
PF08761.12,0,1,0
PF08592.12,1,1,0
PF00403.27,2,2,0
PF13549.7,0,1,0
PF02082.21,1,2,3
PF02445.17,0,1,1
PF00912.23,0,1,0
PF01578.21,2,2,1
PF03264.15,0,1,0
PF01814.24,0,1,2
PF00384.23,1,1,1
PF13372.7,1,2,2
PF03976.15,1,3,3
PF00581.21,9,5,10
PF00204.26,2,2,2
PF00521.21,1,1,1
PF03831.15,1,1,1
PF04116.14,4,6,12
PF00311.18,1,1,1
PF00425.19,1,1,1
PF11015.9,1,1,1
PF17783.2,1,1,1
PF00210.25,2,3,3
PF04226.14,0,1,1
PF03880.16,2,2,2
COG3349,0,1,0
PF07696.12,0,2,1
PF14501.7,2,1,3
PF17032.6,0,1,3
PF07693.15,0,1,0
PF00476.21,0,1,0
PF14059.7,1,1,1
PF04264.14,7,3,5
PF01261.25,6,1,1
K02078,1,1,1
PF13488.7,2,1,1
PF11700.9,1,1,1
GCBM48+GH13_9,1,1,1
PF08713.12,2,1,2
PF07992.15,0,1,0
PF12900.8,1,1,1
PF10990.9,0,1,1
PF02253.16,1,1,1
PF01062.22,4,2,1
PF18127.2,1,1,1
PF01885.17,1,1,1
PF01661.22,3,1,1
PF14124.7,2,1,1
PF10021.10,1,1,0
PF08719.12,1,1,0
PF15891.6,1,1,1
PF12802.8,0,1,0
PF11534.9,0,1,0
PF16473.6,1,1,1
PF01139.18,2,1,1
PF05971.13,2,1,1
PF01641.19,2,2,2
PF01220.20,1,1,1
PF10099.10,3,2,3
PF08544.14,1,1,1
PF01571.22,1,1,2
PF04134.13,2,1,1
PF01264.22,1,1,1
COG2908,0,1,0
PF02913.20,1,2,1
PF07063.14,1,1,1
PF10106.10,0,1,0
PF15523.7,0,1,0
PF06175.12,1,1,2
PF04231.14,3,1,1
PF00871.18,1,1,1
PF07786.13,1,1,1
PF03483.18,1,1,1
PF10977.9,1,1,1
PF05698.15,1,1,1
PF04020.14,1,1,1
PF03740.14,1,1,1
PF01255.20,1,1,1
PF00092.29,2,1,2
PF00762.20,1,1,1
PF00745.21,0,1,1
PF01379.21,1,1,1
PF01208.18,1,1,1
PF07264.12,1,1,1
PF01218.19,1,1,1
COG3401,0,1,0
PF13895.7,0,1,0
PF09561.11,0,1,0
GH25,0,1,1
PF04545.17,0,1,1
PF14127.7,1,1,1
PF01546.29,4,5,7
PF16177.6,1,1,1
PF13937.7,1,1,0
PF13384.7,1,1,1
PF18967.1,1,1,1
PF06052.13,1,2,1
PF16369.6,0,1,0
PF00211.21,2,1,3
PF02604.20,0,1,0
PF06769.15,0,1,0
PF00707.23,1,1,1
PF00453.19,1,1,1
PF13291.7,1,1,1
PF00709.22,1,1,1
PF12725.8,1,1,1
PF13481.7,1,1,1
PF03255.15,1,1,1
PF01702.19,1,1,1
COG0545,0,1,1
PF01479.26,1,1,1
PF02607.18,1,1,1
PF00494.20,2,1,1
PF07726.12,2,2,2
PF13145.7,0,1,1
PF01569.22,6,2,3
PF13163.7,1,1,1
PF10101.10,1,1,1
PF12094.9,0,1,1
PF14086.7,0,1,1
PF13426.8,0,1,0
PF16148.6,1,1,1
PF01180.22,1,1,1
PF02699.16,1,1,1
PF01029.19,1,1,1
PF11680.9,1,1,1
COG3275,0,1,0
PF00902.19,1,1,1
PF01066.22,1,1,1
PF00989.26,2,1,2
PF13380.7,1,1,1
PF09630.11,0,1,1
PF02265.17,1,1,1
PF00702.27,1,1,3
PF05684.13,1,1,1
PF14289.7,1,1,1
PF11950.9,1,1,1
PF04997.13,1,1,1
PF04563.16,1,1,1
PF00542.20,1,1,1
PF00466.21,1,1,1
PF00687.22,1,1,1
PF00298.20,1,1,1
PF00467.30,2,2,2
PF11013.9,1,1,1
PF07075.12,1,1,1
PF04402.15,1,2,2
PF12103.9,1,2,2
PF03692.16,1,1,2
PF00593.25,1,1,0
PF01588.21,0,1,1
PF00793.21,1,1,1
PF13601.7,3,1,3
PF05019.14,1,1,1
PF07099.12,1,1,1
PF06123.13,1,1,1
PF02643.16,1,1,1
COG0342,0,1,0
PF02866.19,1,1,1
PF13353.7,1,1,3
PF05872.13,0,1,1
PF02183.19,0,1,0
PF15943.6,0,1,0
PF00127.21,1,1,1
PF09339.11,0,1,1
PF04909.15,2,1,2
PF13578.7,1,1,2
PF03575.18,2,1,1
PF04960.16,1,1,1
PF00923.20,1,1,1
PF05096.13,1,1,1
K00957,0,1,0
PF08245.13,1,1,1
PF10851.9,1,1,1
COG2067,0,1,1
PF12034.9,1,1,0
PF14257.7,1,1,1
PF10263.10,1,1,1
PF04087.15,1,1,1
GCE1,0,1,0
PF02405.17,1,1,2
PF01663.23,1,1,1
PF08338.12,2,2,2
PF00731.21,1,1,1
PF09601.11,1,1,1
PF07606.12,1,1,1
PF00164.26,1,1,1
PF00177.22,1,1,1
PF00338.23,1,1,1
PF00297.23,1,1,1
PF00573.23,1,1,1
PF00276.21,1,1,1
PF00181.24,1,1,1
PF00203.22,1,1,1
PF00237.20,1,1,1
PF00252.19,1,1,1
PF00831.24,1,1,1
PF00238.20,1,1,1
PF00281.20,1,1,1
PF00253.22,1,1,1
PF00410.20,1,1,1
PF00347.24,1,1,1
PF00861.23,1,1,1
PF00333.21,1,1,1
PF00828.20,1,1,1
PF00344.21,1,1,1
PF01176.20,2,1,2
PF00416.23,1,1,1
PF00411.20,1,1,1
PF00163.20,1,1,1
PF01000.27,1,1,1
PF01196.20,1,1,1
PF00988.23,1,1,1
PF00113.23,1,1,1
PF00285.22,1,1,1
PF02274.18,2,1,1
PF06206.12,1,1,1
PF03485.17,1,1,1
PF01656.24,2,2,2
PF00763.24,1,1,1
PF14126.7,1,1,1
PF12850.8,2,2,3
PF02457.17,1,1,1
PF00809.23,1,1,1
PF07659.12,1,1,1
PF00121.19,1,1,1
PF02617.18,1,1,1
PF07044.12,1,1,2
COG0591,0,1,0
PF09837.10,2,1,0
PF01923.19,2,2,2
PF02570.16,1,1,1
PF01890.17,1,1,1
PF02571.15,1,1,1
PF01888.18,1,1,1
PF01650.19,0,1,1
PF13031.7,0,1,0
PF08388.12,1,1,0
PF01610.18,0,1,0
COG3663,1,1,1
PF02423.16,0,1,1
PF06940.12,1,1,1
PF00290.21,1,1,1
PF00697.23,1,1,1
PF00218.22,1,1,1
PF04229.15,1,1,1
PF00591.22,1,1,1
PF00480.21,0,2,3
GH92,0,2,6
PF04773.14,0,2,0
PF01136.20,0,1,1
PF16132.6,0,1,0
PF05076.14,1,1,2
PF05222.16,1,1,1
PF00215.25,1,1,1
PF13852.7,1,1,1
PF07920.12,1,1,1
PF07642.12,1,2,2
PF02537.16,1,1,1
PF03571.16,1,1,1
PF01503.18,1,1,1
PF16267.6,1,1,1
PF05430.12,1,1,1
PF01025.20,1,1,1
PF12698.8,2,1,2
PF02028.18,0,1,0
PF13675.7,2,1,2
PF07517.15,1,1,1
PF11387.9,1,1,1
PF02132.16,1,1,1
PF09346.11,0,2,1
PF04657.14,1,1,0
PF13673.8,0,1,1
PF00950.18,2,2,2
PF01297.18,1,1,1
PF04023.15,1,1,1
COG2198,0,1,1
PF02464.18,1,1,1
PF00830.20,1,1,1
PF01425.22,1,1,1
PF09038.11,0,1,0
PF02652.15,0,1,0
PF06537.12,0,1,0
PF10728.10,1,1,1
PF01725.17,1,1,1
PF03553.15,1,1,1
PF08877.11,1,1,0
PF05922.17,2,3,3
PF17874.2,0,1,1
GH23,1,1,1
PF14542.7,1,1,1
PF00496.23,1,1,1
PF13562.7,0,1,1
PF01197.19,1,1,1
PF05635.12,2,1,1
PF02803.19,2,1,1
PF15890.6,0,1,1
PF14135.7,0,1,1
PF00450.23,0,1,1
PF02678.17,3,1,2
PF08907.12,1,1,1
PF13519.7,1,1,1
PF01833.25,1,1,1
PF18950.1,1,1,3
PF03653.14,1,1,2
PF08340.12,1,1,1
PF01144.24,2,2,2
PF14109.7,1,1,1
PF04468.13,1,1,1
PF13479.7,1,1,1
PF00579.26,2,1,2
COG4335,0,1,0
PF02912.19,1,1,1
PF14402.7,0,1,1
PF02674.17,1,1,1
PF00484.20,1,1,1
PF16983.6,1,1,1
PF13584.7,1,1,1
PF04326.15,1,1,1
PF00342.20,1,1,1
PF11306.9,2,1,1
PF19143.1,1,1,1
PF04952.15,2,1,2
PF01812.21,1,1,1
PF01258.18,1,1,1
PF13205.7,2,1,2
PF13437.7,1,1,1
PF07479.15,1,1,1
PF02481.16,1,1,1
PF14125.7,1,1,1
PF00692.20,1,1,1
PF00231.20,1,1,1
PF00213.19,1,1,1
PF00430.19,1,1,1
PF00137.22,1,1,1
PF00119.21,1,1,1
PF04519.14,1,1,1
PF13181.7,1,1,0
PF00994.25,2,1,2
PF09966.10,1,1,1
PF13470.7,0,1,0
PF08843.12,0,1,0
PF02805.17,1,1,0
PF13714.7,1,1,0
COG2374,1,0,0
PF07695.12,1,0,1
PF08309.12,1,0,0
PF01344.26,3,0,4
PF09414.11,1,0,1
PF02782.17,1,0,0
GH11,2,0,0
PF12771.8,4,0,2
GH10,1,0,0
GCBM36+CBM6+GH8,1,0,0
PF18885.1,2,0,1
PL9,1,0,0
PF16841.6,1,0,0
PF13398.7,1,0,1
PF05618.12,1,0,1
PF13349.7,2,0,1
PF13646.7,1,0,1
PF07705.12,2,0,3
PF11188.9,2,0,2
PF05193.22,1,0,0
PF02333.16,1,0,0
PF02597.21,2,0,1
PF04945.14,1,0,1
PF04443.13,1,0,1
PF01384.21,1,0,2
PF01106.18,1,0,1
PF00264.21,1,0,0
PF05982.13,1,0,0
PF01510.26,1,0,0
PF03965.17,7,0,5
PF05569.12,6,0,3
PF14362.7,1,0,1
PF04237.14,1,0,2
PF14014.7,2,0,2
PF14079.7,1,0,1
PF06969.17,1,0,2
PF02075.18,1,0,1
PF04306.14,1,0,1
PF08534.11,1,0,1
PF13435.7,1,0,1
PF00886.20,1,0,1
PF01782.19,1,0,1
PF08002.12,1,0,1
PF16295.6,2,0,1
PF18376.2,1,0,1
PF04784.15,5,0,4
GH113,2,0,2
PF07244.16,1,0,1
COG4775,1,0,0
PF07080.12,1,0,1
PF00724.21,1,0,3
PF01983.17,1,0,1
PF12345.9,1,0,1
GH13_31,1,0,0
GH36,1,0,0
PF00392.22,2,0,2
PF08495.11,2,0,1
PF14065.7,2,0,1
PF04984.15,2,0,1
PF06841.13,5,0,2
PF04865.15,2,0,1
COG4675,2,0,0
PF13699.7,3,0,2
PF01257.20,1,0,1
COG2242,1,0,0
PF14054.7,4,0,7
PF00498.27,1,0,0
PF02624.17,1,0,0
COG1509,1,0,0
PF12081.9,1,0,0
PF00717.24,1,0,0
PF05105.13,1,0,0
PF12099.9,1,0,1
PF01758.17,1,0,1
PF13086.7,1,0,0
PF10014.10,1,0,0
COG1629,1,0,1
GH18+CBM12+CBM20+CBM5,1,0,0
PF13280.7,1,0,0
PF13531.7,1,0,1
PF13590.7,1,0,2
GCBM50+GH73,1,0,1
PF05360.15,1,0,1
PF09925.10,1,0,1
PF14345.7,1,0,1
PF09423.11,2,0,1
PF01351.19,1,0,1
PF14121.7,1,0,1
GH16,4,0,0
PF07494.12,1,0,0
COG4942,1,0,0
PF14412.7,1,0,0
PF13561.7,1,0,0
PF13671.7,1,0,1
PF13449.7,3,0,2
GH5_2,1,0,0
COG2346,2,0,2
PF09360.11,1,0,0
PF11376.9,1,0,0
COG0491,1,0,0
GH13_20,1,0,0
GCBM13,1,0,1
PF08281.13,1,0,1
PF07523.13,1,0,0
PF07729.13,2,0,0
PF13860.7,2,0,1
PF07995.12,2,0,4
PF02225.23,3,0,0
PF03102.15,1,0,1
PF05050.13,1,0,1
PF18940.1,1,0,1
PF18174.2,1,0,1
PF00657.23,2,0,1
PF09905.10,1,0,0
PF12773.8,1,0,0
PF00672.26,1,0,0
GH74,1,0,0
PF12730.8,1,0,2
PF07508.14,1,0,0
PF13476.7,1,0,0
PF00239.22,1,0,0
PF14316.7,1,0,0
PF04235.13,1,0,1
PF07224.12,1,0,0
PF09992.10,1,0,1
PF10604.10,4,0,2
PF18456.2,1,0,0
PF01364.19,2,0,0
PF13022.7,1,0,1
PL6_1,2,0,0
GCBM32+PL6,1,0,0
PF11215.9,1,0,0
PF01022.21,1,0,1
PF04473.13,2,0,0
PF01471.19,2,0,0
PF04299.13,1,0,0
PF05935.12,1,0,1
PF00366.21,1,0,0
PF03006.21,1,0,0
PF14088.7,1,0,1
PF02535.23,1,0,1
PF02926.18,1,0,1
PF10825.9,1,0,1
PF04505.13,1,0,0
PF05164.14,1,0,1
PF14853.7,1,0,0
PF17131.5,1,0,0
PF15428.7,1,0,0
PF03527.15,1,0,0
PF04244.14,1,0,0
PF10985.9,1,0,0
PF10504.10,1,0,0
PF07504.14,2,0,0
PF13491.7,1,0,0
GH81+CBM6,1,0,0
PF00932.20,1,0,0
PF02142.23,1,0,0
PF09844.10,1,0,2
COG1073,1,0,0
GCBM16+CBM32+PL7,1,0,0
GCBM13+PL7,1,0,0
PF00141.24,1,0,1
COG0715,1,0,0
PF08874.11,1,0,1
PF07611.12,1,0,0
COG0236,1,0,0
PF13454.7,1,0,1
PF10807.9,1,0,1
PF07876.13,1,0,0
PF01269.18,1,0,0
PF00486.29,1,0,1
PF10462.10,1,0,0
PF00036.33,2,0,0
PF14240.7,3,0,1
PF19089.1,2,0,1
PF03640.16,1,0,0
PF12869.8,2,0,0
PF05450.16,1,0,0
PF02696.15,1,0,0
PF01804.19,1,0,0
GCBM6+CBM35,1,0,0
PF00465.20,1,0,0
PF03806.14,1,0,0
PF06439.12,3,0,0
GAA10,2,0,0
PF14200.7,1,0,1
PF12680.8,3,0,2
PF10503.10,1,0,0
COG2885,1,0,0
PF17775.2,1,0,0
PF10056.10,1,0,1
PF06291.12,1,0,1
PF00302.19,1,0,1
PF09335.12,1,0,1
PF08840.12,1,0,0
PF16884.6,2,0,0
PF01902.18,2,0,0
PF06889.12,1,0,0
PF13598.7,2,0,0
PF01053.21,1,0,2
PF00393.20,1,0,0
PF03412.16,1,0,0
PF01575.20,1,0,0
PF13548.7,1,0,0
PF00437.21,1,0,1
PF04794.13,1,0,1
PL14_3,2,0,0
GH5_2+PL31,1,0,0
PF02982.15,1,0,0
COG4757,1,0,0
COG1236,1,0,0
PF04679.16,1,0,0
GH5_1,2,0,0
PF13460.7,4,0,2
PF04240.13,2,0,0
PF07757.14,1,0,0
PF03176.16,1,0,2
GCBM26+GH119,1,0,0
GT0,1,0,0
PF05523.12,1,0,0
PF03364.21,1,0,1
PF07045.12,3,0,0
PF08450.13,1,0,2
PF09832.10,1,0,1
PF02482.20,1,0,2
PF06127.12,2,0,0
PF05140.15,1,0,0
PF11845.9,1,0,0
PF00042.23,1,0,0
PF04324.16,2,0,0
PF03460.18,1,0,0
PF06463.14,1,0,1
PF01967.22,1,0,1
PF02391.18,1,0,1
PF01436.22,1,0,1
PF14108.7,1,0,0
PL6,1,0,0
PF00708.19,1,0,1
PF01791.10,1,0,1
PF06197.14,2,0,0
PF13386.7,1,0,1
PF05751.12,1,0,1
PF13237.7,2,0,2
PF09234.11,1,0,0
PF12158.9,1,0,0
PL7_5,1,0,0
PF05708.13,1,0,0
PF12156.9,1,0,1
PF04143.15,2,0,2
PF00614.23,1,0,1
PF01544.19,1,0,0
PF10179.10,1,0,0
GH1,1,0,1
PF04978.13,1,0,0
PF09697.11,4,0,1
PF00271.32,2,0,0
PF17963.2,1,0,6
PL9_2,1,0,0
GH5_2+CBM60,1,0,0
PF13566.7,1,0,1
PF04893.18,1,0,0
PF11342.9,1,0,0
PF03168.14,1,0,0
PF02086.16,1,0,0
GH37,1,0,1
PF05036.14,1,0,0
PF13184.7,1,0,0
PF03741.17,1,0,0
PF01906.18,1,0,0
PF07290.12,1,0,0
GCBM6,3,0,0
GCBM21,1,0,0
PF16760.6,1,0,0
PF13458.7,1,0,0
PF07853.12,1,0,0
PF08787.12,2,0,0
PF13265.7,1,0,0
PF18916.1,1,0,0
PF04173.14,1,0,1
PF03358.16,1,0,1
PF12625.8,1,0,0
PF17329.3,1,0,0
GH64,1,0,0
GH2,2,0,1
COG2514,1,0,0
PF14117.7,1,0,1
PF01756.20,1,0,0
COG4337,1,0,1
PF19147.1,1,0,1
PF13555.7,2,0,0
PF05448.13,2,0,0
COG1309,1,0,0
PF13778.7,1,0,0
PF15528.7,1,0,0
PF06977.12,1,0,0
GH88,1,0,0
PF02614.15,1,0,0
PF13240.7,1,0,0
PF01612.21,1,0,0
PF07980.12,1,0,0
PF03382.15,1,0,0
GH9,1,0,1
PF14206.7,1,0,0
PF12569.9,1,0,0
PF01844.24,1,0,0
PF06966.13,1,0,0
GCBM26+GH13_19,1,0,0
PF11692.9,1,0,0
GCBM50+GH19,1,0,0
PF08614.12,1,0,0
PF11369.9,1,0,0
PF14376.7,1,0,1
PF11251.9,1,0,1
PF06293.15,1,0,0
GCBM26+GH13,1,0,0
PF13489.7,2,0,1
PF07055.13,1,0,0
PF11954.9,1,0,1
PF09912.10,1,0,3
PF10110.10,1,0,0
PF14224.7,2,0,2
COG5276,1,0,1
PF13376.7,2,0,2
PF11236.9,1,0,0
PF13354.7,1,0,0
PF11695.9,1,0,1
GH26,1,0,0
PF08547.13,1,0,0
PF12796.8,1,0,1
PF16116.6,1,0,0
GT20,1,0,0
GH15,1,0,0
GCBM26+GH13_6,1,0,0
PF01728.20,1,0,0
PF00665.27,1,0,0
PF19040.1,1,0,0
PF16861.6,1,0,0
PF00685.28,1,0,0
COG2755,1,0,1
PF10082.10,1,0,0
PF01081.20,2,0,0
PL17_2,1,0,0
PF13618.7,1,0,0
PF05199.14,1,0,0
PF08570.11,1,0,0
PF04339.13,1,0,0
PF01523.17,2,0,2
PF06983.14,1,0,0
PF00089.27,1,0,3
COG4941,1,0,0
PF05170.15,1,0,0
PF02127.16,1,0,0
COG3565,1,0,1
PF01087.23,1,0,1
PL14,1,0,0
PF16153.6,1,0,0
PF04962.13,1,0,0
PL29,1,0,0
PF01446.18,1,0,0
PF13588.7,1,0,0
PF01420.20,1,0,2
PF09254.12,1,0,0
COG0400,1,0,0
PF08007.13,1,0,0
COG4676,1,0,0
GCBM3+GH48+GH9,1,0,0
GCBM3,1,0,0
PL0,1,0,0
GCBM3+GH9,1,0,0
GCBM63,1,0,0
PF00167.19,1,0,0
PF00743.20,1,0,0
PF14302.7,1,0,1
PF01627.24,1,0,1
PF13604.7,1,0,0
PF00925.21,1,0,0
PF00296.21,1,0,0
PF14499.7,1,0,0
PF01094.29,1,0,0
PF11589.9,1,0,1
PF16820.6,1,0,0
PF13806.7,1,0,0
PF00464.20,0,0,2
PF10754.10,0,0,1
PF01325.20,0,0,1
PF14394.7,0,0,1
PF05573.13,0,0,1
PF18764.2,0,0,1
PF00394.23,0,0,1
PF13597.7,0,0,1
PF01676.19,0,0,2
PF08540.11,0,0,1
PF09719.11,0,0,1
PF07730.14,0,0,3
PF03415.15,0,0,1
PF02021.18,0,0,1
COG4753,0,0,1
COG2350,0,0,1
PF19077.1,0,0,1
GH18+CBM12+CBM5,0,0,2
PF03395.15,0,0,1
PF00028.18,0,0,12
PF02985.23,0,0,1
PF13586.7,0,0,1
PF13340.7,0,0,1
PF12740.8,0,0,2
PF10579.10,0,0,1
PF09965.10,0,0,1
PF09127.12,0,0,1
COG0474,0,0,1
PF07388.12,0,0,1
PF09359.11,0,0,1
PF16316.6,0,0,1
PF02350.20,0,0,1
COG1196,0,0,2
PF01797.17,0,0,1
PF13087.7,0,0,1
PF12487.9,0,0,1
GH144,0,0,1
GH97,0,0,1
PF02018.18,0,0,1
PF00194.22,0,0,3
PF12917.8,0,0,1
PF00122.21,0,0,1
PF05175.15,0,0,1
PF05114.14,0,0,1
PF10996.9,0,0,1
PF03404.17,0,0,1
PF13591.7,0,0,1
PF05768.15,0,0,1
PF03994.15,0,0,1
PF02417.16,0,0,1
PF07396.12,0,0,1
PF00529.21,0,0,2
PF04256.13,0,0,1
PF07884.15,0,0,1
PF10439.10,0,0,3
PF07498.13,0,0,1
COG0352,0,0,1
PF05406.16,0,0,1
PF09972.10,0,0,1
PF07336.12,0,0,1
K02554,0,0,1
PF02073.16,0,0,1
GH89,0,0,1
GH63,0,0,1
PF13828.7,0,0,2
K23072,0,0,1
COG1846,0,0,1
PF03198.15,0,0,1
PF00112.24,0,0,2
PF11617.9,0,0,2
PF06460.13,0,0,1
PF03797.20,0,0,1
PF07070.12,0,0,2
PF06718.12,0,0,1
PF16220.6,0,0,1
PF01202.23,0,0,1
COG1960,0,0,1
COG1277,0,0,1
PF07858.13,0,0,1
PF13160.7,0,0,1
PF02522.15,0,0,1
COG2971,0,0,1
GH18+CBM5,0,0,1
PF04354.14,0,0,1
PF13414.7,0,0,2
PF06445.16,0,0,1
PF14268.7,0,0,1
PF03306.14,0,0,1
PF13431.7,0,0,1
PF02498.18,0,0,1
PF12724.8,0,0,1
PF14229.7,0,0,1
PF00742.20,0,0,1
PF07679.17,0,0,1
PF15644.7,0,0,1
PF05137.14,0,0,1
COG3350,0,0,1
PF17892.2,0,0,1
PF14091.7,0,0,1
PF00190.23,0,0,2
GT0+GT2+GT4,0,0,1
PF15780.6,0,0,1
PF03259.18,0,0,1
PF17070.6,0,0,1
GCBM32,0,0,1
PF01321.19,0,0,1
PF05544.12,0,0,2
PF05577.13,0,0,1
PF00656.23,0,0,2
PF01323.21,0,0,1
COG2909,0,0,1
PF00949.22,0,0,1
PF10405.10,0,0,1
PF16509.6,0,0,1
PF14938.7,0,0,1
PF06037.12,0,0,1
GT1,0,0,1
PF03400.14,0,0,1
PF14871.7,0,0,1
GCBM32+GH5_2,0,0,1
PF14588.7,0,0,1
PF06452.12,0,0,1
PF08031.13,0,0,1
PF13576.7,0,0,1
PF02384.17,0,0,1
PF13300.7,0,0,1
PF03079.15,0,0,1
PF01935.18,0,0,1
PF01555.19,0,0,1
PF04577.15,0,0,1
PF00245.21,0,0,1
GH130,0,0,1
PF13200.7,0,0,1
GH29,0,0,1
PF01292.21,0,0,1
COG2241,0,0,1
PF03143.18,0,0,1
PF09603.11,0,0,1
PF03403.14,0,0,1
PF13443.7,0,0,1
PF02412.19,0,0,1
PF09134.11,0,0,1
PF01419.18,0,0,1
PF16822.6,0,0,1
PF12695.8,0,0,1
PF13569.7,0,0,2
PF08803.12,0,0,2
PF04392.13,0,0,1
PF13797.7,0,0,1
PF13441.7,0,0,1
COG0535,0,0,1
PF09206.12,0,0,1
GT60,0,0,1
PF01079.21,0,0,1
PF00704.29,0,0,1
PF13450.7,0,0,1
PF07719.18,0,0,1
PF12161.9,0,0,1
PF01872.18,0,0,1
PF12952.8,0,0,1
PF12643.8,0,0,1
PF02136.21,0,0,1
PF02683.16,0,0,1
PF14493.7,0,0,1
PF00570.24,0,0,1
PF13510.7,0,0,1
PF02634.16,0,0,1
PF01268.20,0,0,1
PF01562.20,0,0,1
PF06906.12,0,0,1
PF11158.9,0,0,1
PF00107.27,0,0,1
PF06739.12,0,0,1
PF12358.9,0,0,1
PF13036.7,0,0,1
COG3014,0,0,1
PF03922.15,0,0,1
PF00045.20,0,0,1
PF18943.1,0,0,1
PF18998.1,0,0,1
PF11301.9,0,0,1
