row_0,CAZyme
Aq_sp_Aq135_00001,GAA10+CBM73+CBM73
Aq_sp_Aq135_00002,PF11751.9
Aq_sp_Aq135_00003,PF08712.12
Aq_sp_Aq135_00004,PF07311.13
Aq_sp_Aq135_00005,PF13899.7
Aq_sp_Aq135_00007,PF00814.26
Aq_sp_Aq135_00008,PF00364.23
Aq_sp_Aq135_00009,PF02321.19
Aq_sp_Aq135_00010,PF00364.23
Aq_sp_Aq135_00011,PF02687.22
Aq_sp_Aq135_00012,PF02687.22
Aq_sp_Aq135_00013,PF13304.7
Aq_sp_Aq135_00014,PF10067.10
Aq_sp_Aq135_00015,PF00578.22
Aq_sp_Aq135_00017,PF03626.15
Aq_sp_Aq135_00018,PF00510.19
Aq_sp_Aq135_00019,PF00510.19
Aq_sp_Aq135_00020,PF01040.19
Aq_sp_Aq135_00021,PF00753.28
Aq_sp_Aq135_00022,PF03544.15
Aq_sp_Aq135_00023,PF03544.15
Aq_sp_Aq135_00024,PF04892.13
Aq_sp_Aq135_00025,PF01597.20
Aq_sp_Aq135_00026,PF14349.7
Aq_sp_Aq135_00027,PF00633.24
Aq_sp_Aq135_00028,PF13207.7
Aq_sp_Aq135_00029,PF00390.20
Aq_sp_Aq135_00030,PF08331.11
Aq_sp_Aq135_00031,PF00924.19
Aq_sp_Aq135_00032,PF00067.23
Aq_sp_Aq135_00033,PF00004.30
Aq_sp_Aq135_00034,PF00115.21
Aq_sp_Aq135_00035,PF00116.21
Aq_sp_Aq135_00037,PF13442.7
Aq_sp_Aq135_00038,PF11821.9
Aq_sp_Aq135_00039,PF03916.15
Aq_sp_Aq135_00040,PF13247.7
Aq_sp_Aq135_00041,PF14522.7
Aq_sp_Aq135_00043,PF00009.28
Aq_sp_Aq135_00044,PF07650.18
Aq_sp_Aq135_00045,PF02576.18
Aq_sp_Aq135_00046,PF00582.27
Aq_sp_Aq135_00048,PF02633.15
Aq_sp_Aq135_00049,PF14298.7
Aq_sp_Aq135_00050,PF13715.7
Aq_sp_Aq135_00052,PF00196.20
Aq_sp_Aq135_00053,PF00501.29
Aq_sp_Aq135_00056,PF11028.9
Aq_sp_Aq135_00057,GCE4
Aq_sp_Aq135_00058,PF00085.21
Aq_sp_Aq135_00059,PF00149.29
Aq_sp_Aq135_00060,PF01367.21
Aq_sp_Aq135_00061,PF01391.19
Aq_sp_Aq135_00062,PF01391.19
Aq_sp_Aq135_00063,PF00144.25
Aq_sp_Aq135_00064,GCBM9
Aq_sp_Aq135_00065,PF00572.19
Aq_sp_Aq135_00066,PF00380.20
Aq_sp_Aq135_00067,PF00318.21
Aq_sp_Aq135_00068,PF00889.20
Aq_sp_Aq135_00069,PF00696.29
Aq_sp_Aq135_00070,PF01765.20
Aq_sp_Aq135_00071,PF13715.7
Aq_sp_Aq135_00072,PF00873.20
Aq_sp_Aq135_00074,PF00152.21
Aq_sp_Aq135_00075,PF00413.25
Aq_sp_Aq135_00077,PF00023.31
Aq_sp_Aq135_00078,PF00199.20
Aq_sp_Aq135_00079,PF04397.16
Aq_sp_Aq135_00080,PF06580.14
Aq_sp_Aq135_00081,PF13715.7
Aq_sp_Aq135_00082,PF12844.8
Aq_sp_Aq135_00084,PF04012.13
Aq_sp_Aq135_00086,COG2268
Aq_sp_Aq135_00087,PF00004.30
Aq_sp_Aq135_00089,PF05488.14
Aq_sp_Aq135_00094,PF13308.7
Aq_sp_Aq135_00096,PF13463.7
Aq_sp_Aq135_00097,PF00583.26
Aq_sp_Aq135_00100,PF02518.27
Aq_sp_Aq135_00101,PF00196.20
Aq_sp_Aq135_00102,PF00309.21
Aq_sp_Aq135_00104,PF13568.7
Aq_sp_Aq135_00105,PF02472.17
Aq_sp_Aq135_00106,PF02472.17
Aq_sp_Aq135_00107,PF02472.17
Aq_sp_Aq135_00108,PF02472.17
Aq_sp_Aq135_00110,PF01618.17
Aq_sp_Aq135_00111,PF00710.21
Aq_sp_Aq135_00112,PF01026.22
Aq_sp_Aq135_00113,PF14559.7
Aq_sp_Aq135_00114,PF04542.15
Aq_sp_Aq135_00115,PF18911.1
Aq_sp_Aq135_00116,PF12770.8
Aq_sp_Aq135_00117,PF13650.7
Aq_sp_Aq135_00119,PF14300.7
Aq_sp_Aq135_00120,PF01244.22
Aq_sp_Aq135_00121,PF13302.8
Aq_sp_Aq135_00122,PF01841.20
Aq_sp_Aq135_00126,PF02911.19
Aq_sp_Aq135_00127,PF07484.13
Aq_sp_Aq135_00129,PF10084.10
Aq_sp_Aq135_00130,PF00188.27
Aq_sp_Aq135_00131,PF00676.21
Aq_sp_Aq135_00132,PF01063.20
Aq_sp_Aq135_00133,PF00198.24
Aq_sp_Aq135_00134,PF00132.25
Aq_sp_Aq135_00135,PF00378.21
Aq_sp_Aq135_00136,PF00171.23
Aq_sp_Aq135_00137,PF00109.27
Aq_sp_Aq135_00138,PF03061.23
Aq_sp_Aq135_00139,PF00725.23
Aq_sp_Aq135_00140,PF00378.21
Aq_sp_Aq135_00141,PF01883.20
Aq_sp_Aq135_00142,PF05138.13
Aq_sp_Aq135_00143,PF06243.12
Aq_sp_Aq135_00144,PF05138.13
Aq_sp_Aq135_00145,PF00970.25
Aq_sp_Aq135_00146,PF17932.2
Aq_sp_Aq135_00147,PF03724.17
Aq_sp_Aq135_00148,PF18962.1
Aq_sp_Aq135_00149,PF00351.22
Aq_sp_Aq135_00152,PF08885.12
Aq_sp_Aq135_00153,PF02272.20
Aq_sp_Aq135_00154,PF01551.23
Aq_sp_Aq135_00155,PF09587.11
Aq_sp_Aq135_00156,PF00376.24
Aq_sp_Aq135_00157,PF04011.13
Aq_sp_Aq135_00158,PF04536.15
Aq_sp_Aq135_00159,PF04536.15
Aq_sp_Aq135_00160,PF13585.7
Aq_sp_Aq135_00161,PF00005.28
Aq_sp_Aq135_00162,COG3391
Aq_sp_Aq135_00163,PF00350.24
Aq_sp_Aq135_00164,PF13715.7
Aq_sp_Aq135_00165,PF01235.18
Aq_sp_Aq135_00166,PF00588.20
Aq_sp_Aq135_00168,COG2849
Aq_sp_Aq135_00172,PF11860.9
Aq_sp_Aq135_00174,PF06580.14
Aq_sp_Aq135_00175,PF04397.16
Aq_sp_Aq135_00176,PF01266.25
Aq_sp_Aq135_00177,PF00221.20
Aq_sp_Aq135_00178,PF14903.7
Aq_sp_Aq135_00179,PF00106.26
Aq_sp_Aq135_00180,PF00109.27
Aq_sp_Aq135_00181,PF00550.26
Aq_sp_Aq135_00182,PF03279.14
Aq_sp_Aq135_00184,PF08541.11
Aq_sp_Aq135_00186,COG0764
Aq_sp_Aq135_00188,PF14399.7
Aq_sp_Aq135_00189,PF13304.7
Aq_sp_Aq135_00190,PF01061.25
Aq_sp_Aq135_00191,PF03061.23
Aq_sp_Aq135_00192,PF00109.27
Aq_sp_Aq135_00193,PF00891.19
Aq_sp_Aq135_00195,PF00550.26
Aq_sp_Aq135_00196,PF00109.27
Aq_sp_Aq135_00197,PF00109.27
Aq_sp_Aq135_00198,GCE4
Aq_sp_Aq135_00199,PF03548.16
Aq_sp_Aq135_00201,PF07977.14
Aq_sp_Aq135_00203,GT2_Glycos_transf_2
Aq_sp_Aq135_00204,PF00873.20
Aq_sp_Aq135_00205,PF01593.25
Aq_sp_Aq135_00206,PF03417.17
Aq_sp_Aq135_00207,PF00501.29
Aq_sp_Aq135_00208,PF14329.7
Aq_sp_Aq135_00210,PF02567.17
Aq_sp_Aq135_00211,PF04542.15
Aq_sp_Aq135_00213,PF00072.25
Aq_sp_Aq135_00214,PF07700.16
Aq_sp_Aq135_00215,PF02518.27
Aq_sp_Aq135_00217,PF04397.16
Aq_sp_Aq135_00218,PF13448.7
Aq_sp_Aq135_00219,PF00801.21
Aq_sp_Aq135_00220,COG3209
Aq_sp_Aq135_00222,PF00565.18
Aq_sp_Aq135_00223,PF12844.8
Aq_sp_Aq135_00225,PF00589.23
Aq_sp_Aq135_00226,PF00589.23
Aq_sp_Aq135_00227,PF04002.16
Aq_sp_Aq135_00228,PF10543.10
Aq_sp_Aq135_00233,PF10543.10
Aq_sp_Aq135_00234,PF10543.10
Aq_sp_Aq135_00235,GCBM5+GH18+GH19
Aq_sp_Aq135_00236,PF00515.29
Aq_sp_Aq135_00237,GT2_Glycos_transf_2
Aq_sp_Aq135_00238,PF13448.7
Aq_sp_Aq135_00239,PF01943.18
Aq_sp_Aq135_00240,PF01740.22
Aq_sp_Aq135_00242,PF00534.21
Aq_sp_Aq135_00243,PF00583.26
Aq_sp_Aq135_00244,PF12799.8
Aq_sp_Aq135_00245,GH5_42
Aq_sp_Aq135_00247,COG5617
Aq_sp_Aq135_00248,GT2_Glycos_transf_2
Aq_sp_Aq135_00249,PF13620.7
Aq_sp_Aq135_00250,PF11751.9
Aq_sp_Aq135_00251,PF13585.7
Aq_sp_Aq135_00256,PF00756.21
Aq_sp_Aq135_00258,PF04397.16
Aq_sp_Aq135_00260,PF13715.7
Aq_sp_Aq135_00261,PF03929.17
Aq_sp_Aq135_00262,PF18962.1
Aq_sp_Aq135_00264,PF01400.25
Aq_sp_Aq135_00265,PF11751.9
Aq_sp_Aq135_00266,PF13585.7
Aq_sp_Aq135_00268,PF12833.8
Aq_sp_Aq135_00269,PF00561.21
Aq_sp_Aq135_00271,PF00144.25
Aq_sp_Aq135_00272,PF12833.8
Aq_sp_Aq135_00273,PF00413.25
Aq_sp_Aq135_00274,COG0664
Aq_sp_Aq135_00275,PF00325.21
Aq_sp_Aq135_00276,PF01070.19
Aq_sp_Aq135_00277,PF04717.13
Aq_sp_Aq135_00279,PF14107.7
Aq_sp_Aq135_00281,PF00196.20
Aq_sp_Aq135_00282,PF02518.27
Aq_sp_Aq135_00284,PF00560.34
Aq_sp_Aq135_00285,PF00930.22
Aq_sp_Aq135_00286,PF12708.8
Aq_sp_Aq135_00287,PF13545.7
Aq_sp_Aq135_00289,PF18962.1
Aq_sp_Aq135_00290,PF09424.11
Aq_sp_Aq135_00291,PF12327.9
Aq_sp_Aq135_00292,PF06277.12
Aq_sp_Aq135_00294,PF01225.26
Aq_sp_Aq135_00295,GT28
Aq_sp_Aq135_00296,PF01098.20
Aq_sp_Aq135_00297,PF02875.22
Aq_sp_Aq135_00298,PF00953.22
Aq_sp_Aq135_00299,PF01225.26
Aq_sp_Aq135_00300,PF03793.20
Aq_sp_Aq135_00301,PF01795.20
Aq_sp_Aq135_00302,PF02381.19
Aq_sp_Aq135_00303,PF00561.21
Aq_sp_Aq135_00304,PF02421.19
Aq_sp_Aq135_00308,PF02540.18
Aq_sp_Aq135_00309,PF00196.20
Aq_sp_Aq135_00310,PF10410.10
Aq_sp_Aq135_00311,PF00041.22
Aq_sp_Aq135_00314,PF04542.15
Aq_sp_Aq135_00315,PF00348.18
Aq_sp_Aq135_00316,PF13394.7
Aq_sp_Aq135_00317,PF16036.6
Aq_sp_Aq135_00318,PF02547.16
Aq_sp_Aq135_00319,PF00275.21
Aq_sp_Aq135_00320,PF03819.18
Aq_sp_Aq135_00322,PF12969.8
Aq_sp_Aq135_00323,PF02580.17
Aq_sp_Aq135_00324,PF13505.7
Aq_sp_Aq135_00325,PF01926.24
Aq_sp_Aq135_00327,PF01817.22
Aq_sp_Aq135_00328,PF03446.16
Aq_sp_Aq135_00329,PF00155.22
Aq_sp_Aq135_00330,PF00800.19
Aq_sp_Aq135_00331,PF00155.22
Aq_sp_Aq135_00332,PF01073.20
Aq_sp_Aq135_00333,PF01037.22
Aq_sp_Aq135_00334,PF13715.7
Aq_sp_Aq135_00335,PF13175.7
Aq_sp_Aq135_00336,PF00072.25
Aq_sp_Aq135_00337,PF02518.27
Aq_sp_Aq135_00338,PF10988.9
Aq_sp_Aq135_00339,PF09411.11
Aq_sp_Aq135_00340,PF02219.18
Aq_sp_Aq135_00341,PF05163.13
Aq_sp_Aq135_00342,PF02310.20
Aq_sp_Aq135_00343,PF02574.17
Aq_sp_Aq135_00344,PF08695.11
Aq_sp_Aq135_00345,PF00111.28
Aq_sp_Aq135_00346,PF03486.15
Aq_sp_Aq135_00347,PF13241.7
Aq_sp_Aq135_00348,PF00590.21
Aq_sp_Aq135_00349,PF05168.15
Aq_sp_Aq135_00350,PF04717.13
Aq_sp_Aq135_00352,PF14107.7
Aq_sp_Aq135_00358,PF00004.30
Aq_sp_Aq135_00361,PF00691.21
Aq_sp_Aq135_00362,PF00528.23
Aq_sp_Aq135_00363,PF00005.28
Aq_sp_Aq135_00365,PF09375.11
Aq_sp_Aq135_00366,PF00034.22
Aq_sp_Aq135_00367,PF09375.11
Aq_sp_Aq135_00368,PF06695.12
Aq_sp_Aq135_00371,PF14526.7
Aq_sp_Aq135_00372,PF01035.21
Aq_sp_Aq135_00373,PF13640.7
Aq_sp_Aq135_00374,PF13532.7
Aq_sp_Aq135_00375,PF14534.7
Aq_sp_Aq135_00376,PF04542.15
Aq_sp_Aq135_00377,PF04397.16
Aq_sp_Aq135_00378,PF06580.14
Aq_sp_Aq135_00379,PF13715.7
Aq_sp_Aq135_00381,PF00561.21
Aq_sp_Aq135_00382,PF00126.28
Aq_sp_Aq135_00383,PF00583.26
Aq_sp_Aq135_00384,PF13505.7
Aq_sp_Aq135_00385,PF13568.7
Aq_sp_Aq135_00387,PF18962.1
Aq_sp_Aq135_00390,PF00025.22
Aq_sp_Aq135_00391,PF18962.1
Aq_sp_Aq135_00392,PF09685.11
Aq_sp_Aq135_00393,PF00909.22
Aq_sp_Aq135_00394,PF00543.23
Aq_sp_Aq135_00395,PF00310.22
Aq_sp_Aq135_00396,PF01593.25
Aq_sp_Aq135_00399,PF18962.1
Aq_sp_Aq135_00400,PF04452.15
Aq_sp_Aq135_00401,PF02543.16
Aq_sp_Aq135_00402,PF04357.14
Aq_sp_Aq135_00403,PF01513.22
Aq_sp_Aq135_00404,PF00561.21
Aq_sp_Aq135_00405,PF04450.13
Aq_sp_Aq135_00406,PF00115.21
Aq_sp_Aq135_00407,PF00857.21
Aq_sp_Aq135_00408,PF00027.30
Aq_sp_Aq135_00409,PF01361.22
Aq_sp_Aq135_00410,PF00106.26
Aq_sp_Aq135_00412,PF01063.20
Aq_sp_Aq135_00413,PF02622.16
Aq_sp_Aq135_00414,PF00216.22
Aq_sp_Aq135_00415,PF02911.19
Aq_sp_Aq135_00416,PF00270.30
Aq_sp_Aq135_00417,PF13521.7
Aq_sp_Aq135_00418,PF00111.28
Aq_sp_Aq135_00419,PF02738.19
Aq_sp_Aq135_00420,PF13478.7
Aq_sp_Aq135_00421,PF12804.8
Aq_sp_Aq135_00422,PF04359.15
Aq_sp_Aq135_00423,PF14123.7
Aq_sp_Aq135_00424,PF00275.21
Aq_sp_Aq135_00426,PF00004.30
Aq_sp_Aq135_00427,PF03989.14
Aq_sp_Aq135_00428,PF00515.29
Aq_sp_Aq135_00429,PF17293.3
Aq_sp_Aq135_00433,PF00145.18
Aq_sp_Aq135_00434,PF02601.16
Aq_sp_Aq135_00435,PF06855.13
Aq_sp_Aq135_00439,PF14053.7
Aq_sp_Aq135_00441,PF05257.17
Aq_sp_Aq135_00455,PF09509.11
Aq_sp_Aq135_00456,PF00078.28
Aq_sp_Aq135_00461,PF18735.2
Aq_sp_Aq135_00466,PF11335.9
Aq_sp_Aq135_00467,PF04011.13
Aq_sp_Aq135_00471,PF14107.7
Aq_sp_Aq135_00473,PF04717.13
Aq_sp_Aq135_00474,PF00668.21
Aq_sp_Aq135_00475,PF00501.29
Aq_sp_Aq135_00476,PF00501.29
Aq_sp_Aq135_00477,PF00698.22
Aq_sp_Aq135_00478,PF00698.22
Aq_sp_Aq135_00479,PF00975.21
Aq_sp_Aq135_00480,PF05721.14
Aq_sp_Aq135_00481,PF06267.13
Aq_sp_Aq135_00482,PF00970.25
Aq_sp_Aq135_00483,PF13585.7
Aq_sp_Aq135_00484,PF13620.7
Aq_sp_Aq135_00485,PF11751.9
Aq_sp_Aq135_00486,PF13585.7
Aq_sp_Aq135_00487,PF09907.10
Aq_sp_Aq135_00488,COG5499
Aq_sp_Aq135_00492,PF13648.7
Aq_sp_Aq135_00495,PF00149.29
Aq_sp_Aq135_00499,PF00041.22
Aq_sp_Aq135_00500,PF18981.1
Aq_sp_Aq135_00501,PF18962.1
Aq_sp_Aq135_00502,PF00041.22
Aq_sp_Aq135_00505,PF03050.15
Aq_sp_Aq135_00506,PF03903.14
Aq_sp_Aq135_00507,PF05572.14
Aq_sp_Aq135_00508,PF13551.7
Aq_sp_Aq135_00509,PF13610.7
Aq_sp_Aq135_00510,GCBM5+CBM73+GH18
Aq_sp_Aq135_00511,PF01047.23
Aq_sp_Aq135_00512,PF13304.7
Aq_sp_Aq135_00513,PF06170.13
Aq_sp_Aq135_00514,PF01266.25
Aq_sp_Aq135_00516,PF12080.9
Aq_sp_Aq135_00518,PF03781.17
Aq_sp_Aq135_00519,PF00491.22
Aq_sp_Aq135_00520,PF01131.21
Aq_sp_Aq135_00522,PF04055.22
Aq_sp_Aq135_00523,PF07728.15
Aq_sp_Aq135_00524,PF04390.13
Aq_sp_Aq135_00526,PF03840.15
Aq_sp_Aq135_00527,PF00166.22
Aq_sp_Aq135_00528,PF00118.25
Aq_sp_Aq135_00529,PF12844.8
Aq_sp_Aq135_00530,PF01274.23
Aq_sp_Aq135_00531,PF00463.22
Aq_sp_Aq135_00532,PF01427.18
Aq_sp_Aq135_00533,PF11827.9
Aq_sp_Aq135_00534,PF01590.27
Aq_sp_Aq135_00535,PF01073.20
Aq_sp_Aq135_00536,PF00639.22
Aq_sp_Aq135_00537,PF07947.15
Aq_sp_Aq135_00538,PF00571.29
Aq_sp_Aq135_00539,PF06835.14
Aq_sp_Aq135_00540,PF00515.29
Aq_sp_Aq135_00541,PF03349.17
Aq_sp_Aq135_00542,PF03309.15
Aq_sp_Aq135_00543,PF12770.8
Aq_sp_Aq135_00544,PF01073.20
Aq_sp_Aq135_00545,PF14129.7
Aq_sp_Aq135_00546,PF01979.21
Aq_sp_Aq135_00547,GT2
Aq_sp_Aq135_00548,PF14093.7
Aq_sp_Aq135_00549,PF02602.16
Aq_sp_Aq135_00550,PF01293.21
Aq_sp_Aq135_00551,PF04241.16
Aq_sp_Aq135_00552,PF16653.6
Aq_sp_Aq135_00553,PF01037.22
Aq_sp_Aq135_00554,PF04298.13
Aq_sp_Aq135_00555,PF02826.20
Aq_sp_Aq135_00556,PF03083.17
Aq_sp_Aq135_00557,PF08264.14
Aq_sp_Aq135_00558,PF02558.17
Aq_sp_Aq135_00559,PF01289.20
Aq_sp_Aq135_00560,PF18075.2
Aq_sp_Aq135_00561,PF01790.19
Aq_sp_Aq135_00563,PF11297.9
Aq_sp_Aq135_00564,PF02673.19
Aq_sp_Aq135_00565,PF16198.6
Aq_sp_Aq135_00567,PF14595.7
Aq_sp_Aq135_00568,PF10084.10
Aq_sp_Aq135_00569,PF00560.34
Aq_sp_Aq135_00570,PF03352.14
Aq_sp_Aq135_00571,PF00156.28
Aq_sp_Aq135_00572,PF03588.15
Aq_sp_Aq135_00573,PF11325.9
Aq_sp_Aq135_00574,PF01613.19
Aq_sp_Aq135_00575,PF02518.27
Aq_sp_Aq135_00576,PF03061.23
Aq_sp_Aq135_00577,PF11969.9
Aq_sp_Aq135_00578,PF01272.20
Aq_sp_Aq135_00581,PF06968.14
Aq_sp_Aq135_00582,PF00977.22
Aq_sp_Aq135_00583,PF02581.18
Aq_sp_Aq135_00584,PF08543.13
Aq_sp_Aq135_00586,PF02581.18
Aq_sp_Aq135_00587,PF13667.7
Aq_sp_Aq135_00588,PF07715.16
Aq_sp_Aq135_00589,PF02518.27
Aq_sp_Aq135_00590,PF00004.30
Aq_sp_Aq135_00592,PF00472.21
Aq_sp_Aq135_00593,PF14134.7
Aq_sp_Aq135_00594,PF13521.7
Aq_sp_Aq135_00595,PF04973.13
Aq_sp_Aq135_00596,PF01910.18
Aq_sp_Aq135_00597,PF01648.21
Aq_sp_Aq135_00598,PF02826.20
Aq_sp_Aq135_00600,PF01016.20
Aq_sp_Aq135_00601,PF14520.7
Aq_sp_Aq135_00602,PF13858.7
Aq_sp_Aq135_00603,PF00892.21
Aq_sp_Aq135_00605,PF00571.29
Aq_sp_Aq135_00606,PF00436.26
Aq_sp_Aq135_00607,PF00633.24
Aq_sp_Aq135_00608,PF00216.22
Aq_sp_Aq135_00609,PF10150.10
Aq_sp_Aq135_00610,PF14028.7
Aq_sp_Aq135_00611,PF04738.14
Aq_sp_Aq135_00612,PF02631.17
Aq_sp_Aq135_00613,PF03572.19
Aq_sp_Aq135_00614,PF12833.8
Aq_sp_Aq135_00615,PF13621.7
Aq_sp_Aq135_00616,PF06968.14
Aq_sp_Aq135_00617,PF00109.27
Aq_sp_Aq135_00618,PF08695.11
Aq_sp_Aq135_00619,PF00202.22
Aq_sp_Aq135_00620,PF13500.7
Aq_sp_Aq135_00621,PF00155.22
Aq_sp_Aq135_00622,PF00583.26
Aq_sp_Aq135_00623,PF00326.22
Aq_sp_Aq135_00624,PF02823.17
Aq_sp_Aq135_00625,PF00006.26
Aq_sp_Aq135_00626,PF13472.7
Aq_sp_Aq135_00627,PF13715.7
Aq_sp_Aq135_00628,PF13230.7
Aq_sp_Aq135_00629,PF14092.7
Aq_sp_Aq135_00630,GT5
Aq_sp_Aq135_00631,PF02569.16
Aq_sp_Aq135_00632,PF02261.17
Aq_sp_Aq135_00633,PF03706.14
Aq_sp_Aq135_00634,PF00756.21
Aq_sp_Aq135_00635,PF00004.30
Aq_sp_Aq135_00637,PF00248.22
Aq_sp_Aq135_00639,PF14903.7
Aq_sp_Aq135_00640,PF00583.26
Aq_sp_Aq135_00641,PF01554.19
Aq_sp_Aq135_00642,PF00378.21
Aq_sp_Aq135_00643,PF01242.20
Aq_sp_Aq135_00644,PF00149.29
Aq_sp_Aq135_00645,PF13304.7
Aq_sp_Aq135_00646,PF00326.22
Aq_sp_Aq135_00647,PF07681.13
Aq_sp_Aq135_00648,PF01118.25
Aq_sp_Aq135_00649,PF01741.19
Aq_sp_Aq135_00650,PF00842.22
Aq_sp_Aq135_00651,PF00265.19
Aq_sp_Aq135_00653,PF13564.7
Aq_sp_Aq135_00654,PF00590.21
Aq_sp_Aq135_00655,PF08888.12
Aq_sp_Aq135_00660,PF02518.27
Aq_sp_Aq135_00661,PF00196.20
Aq_sp_Aq135_00662,PF02627.21
Aq_sp_Aq135_00663,PF01368.21
Aq_sp_Aq135_00665,PF00561.21
Aq_sp_Aq135_00666,PF12833.8
Aq_sp_Aq135_00667,PF00501.29
Aq_sp_Aq135_00668,PF02668.17
Aq_sp_Aq135_00669,PF10862.9
Aq_sp_Aq135_00670,PF01073.20
Aq_sp_Aq135_00671,PF10677.10
Aq_sp_Aq135_00672,PF02311.20
Aq_sp_Aq135_00673,PF08239.12
Aq_sp_Aq135_00675,PF14903.7
Aq_sp_Aq135_00679,PF01654.18
Aq_sp_Aq135_00680,PF02322.16
Aq_sp_Aq135_00681,PF06580.14
Aq_sp_Aq135_00682,PF04397.16
Aq_sp_Aq135_00685,PF08239.12
Aq_sp_Aq135_00695,PF13899.7
Aq_sp_Aq135_00696,PF01839.24
Aq_sp_Aq135_00698,PF02627.21
Aq_sp_Aq135_00699,PF03795.15
Aq_sp_Aq135_00700,PF17957.2
Aq_sp_Aq135_00701,GH20
Aq_sp_Aq135_00702,PF01869.21
Aq_sp_Aq135_00703,PF01182.21
Aq_sp_Aq135_00704,PF12741.8
Aq_sp_Aq135_00705,PF13715.7
Aq_sp_Aq135_00706,PF06580.14
Aq_sp_Aq135_00707,PF04397.16
Aq_sp_Aq135_00708,PF00474.18
Aq_sp_Aq135_00709,COG4299
Aq_sp_Aq135_00710,GCBM5+GH19
Aq_sp_Aq135_00711,GCBM5+GH18
Aq_sp_Aq135_00712,PF04397.16
Aq_sp_Aq135_00713,GCBM5+GH18
Aq_sp_Aq135_00715,PF00691.21
Aq_sp_Aq135_00717,PF03929.17
Aq_sp_Aq135_00718,PF13715.7
Aq_sp_Aq135_00720,PF07676.13
Aq_sp_Aq135_00721,PF03458.14
Aq_sp_Aq135_00722,PF01134.23
Aq_sp_Aq135_00723,PF10988.9
Aq_sp_Aq135_00725,PF10988.9
Aq_sp_Aq135_00726,PF04024.13
Aq_sp_Aq135_00727,PF03551.15
Aq_sp_Aq135_00728,PF09685.11
Aq_sp_Aq135_00729,PF14539.7
Aq_sp_Aq135_00730,PF01987.18
Aq_sp_Aq135_00731,PF00126.28
Aq_sp_Aq135_00734,PF04955.13
Aq_sp_Aq135_00736,PF01882.19
Aq_sp_Aq135_00737,PF00004.30
Aq_sp_Aq135_00738,PF14258.7
Aq_sp_Aq135_00740,PF06790.12
Aq_sp_Aq135_00741,PF01944.18
Aq_sp_Aq135_00742,PF06271.13
Aq_sp_Aq135_00743,PF00160.22
Aq_sp_Aq135_00744,PF00293.29
Aq_sp_Aq135_00745,PF01553.22
Aq_sp_Aq135_00746,PF04397.16
Aq_sp_Aq135_00747,PF13239.7
Aq_sp_Aq135_00748,PF13239.7
Aq_sp_Aq135_00749,PF13239.7
Aq_sp_Aq135_00751,PF13715.7
Aq_sp_Aq135_00752,PF01266.25
Aq_sp_Aq135_00753,PF04542.15
Aq_sp_Aq135_00755,PF07766.14
Aq_sp_Aq135_00756,PF00080.21
Aq_sp_Aq135_00757,PF00629.24
Aq_sp_Aq135_00758,GCBM73
Aq_sp_Aq135_00759,PF12697.8
Aq_sp_Aq135_00760,PF10677.10
Aq_sp_Aq135_00761,PF02627.21
Aq_sp_Aq135_00762,PF00126.28
Aq_sp_Aq135_00763,PF13502.7
Aq_sp_Aq135_00764,PF02592.16
Aq_sp_Aq135_00765,PF01712.20
Aq_sp_Aq135_00767,PF00588.20
Aq_sp_Aq135_00768,PF01624.21
Aq_sp_Aq135_00769,PF16925.6
Aq_sp_Aq135_00770,PF12823.8
Aq_sp_Aq135_00771,PF01494.20
Aq_sp_Aq135_00772,PF00155.22
Aq_sp_Aq135_00773,PF16197.6
Aq_sp_Aq135_00774,PF00355.27
Aq_sp_Aq135_00775,PF08240.13
Aq_sp_Aq135_00776,PF10862.9
Aq_sp_Aq135_00777,PF02668.17
Aq_sp_Aq135_00778,PF00501.29
Aq_sp_Aq135_00780,PF11583.9
Aq_sp_Aq135_00782,PF00117.29
Aq_sp_Aq135_00783,GCBM6+CBM6
Aq_sp_Aq135_00784,PF00388.20
Aq_sp_Aq135_00785,GCBM6+GH64
Aq_sp_Aq135_00786,GCBM6+GH16
Aq_sp_Aq135_00787,PF07495.14
Aq_sp_Aq135_00789,PF12833.8
Aq_sp_Aq135_00790,PF12770.8
Aq_sp_Aq135_00791,PF00082.23
Aq_sp_Aq135_00792,COG1595
Aq_sp_Aq135_00793,PF14559.7
Aq_sp_Aq135_00794,PF03781.17
Aq_sp_Aq135_00796,PF00805.23
Aq_sp_Aq135_00797,PF00881.25
Aq_sp_Aq135_00799,PF04480.13
Aq_sp_Aq135_00800,PF12844.8
Aq_sp_Aq135_00801,PF09949.10
Aq_sp_Aq135_00802,PF03030.17
Aq_sp_Aq135_00803,PF01391.19
Aq_sp_Aq135_00805,PF00719.20
Aq_sp_Aq135_00806,PF13715.7
Aq_sp_Aq135_00807,PF02780.21
Aq_sp_Aq135_00808,PF01012.22
Aq_sp_Aq135_00809,PF01012.22
Aq_sp_Aq135_00810,PF02577.15
Aq_sp_Aq135_00811,PF07670.15
Aq_sp_Aq135_00812,PF00303.20
Aq_sp_Aq135_00813,PF03544.15
Aq_sp_Aq135_00814,PF12867.8
Aq_sp_Aq135_00815,PF10017.10
Aq_sp_Aq135_00816,PF04248.13
Aq_sp_Aq135_00817,PF10282.10
Aq_sp_Aq135_00818,PF00291.26
Aq_sp_Aq135_00819,PF16561.6
Aq_sp_Aq135_00820,PF00266.20
Aq_sp_Aq135_00821,PF13239.7
Aq_sp_Aq135_00822,PF01636.24
Aq_sp_Aq135_00823,PF00698.22
Aq_sp_Aq135_00824,PF02698.18
Aq_sp_Aq135_00826,PF00291.26
Aq_sp_Aq135_00828,PF01979.21
Aq_sp_Aq135_00829,PF00126.28
Aq_sp_Aq135_00830,PF00892.21
Aq_sp_Aq135_00831,PF04940.13
Aq_sp_Aq135_00832,PF00072.25
Aq_sp_Aq135_00833,PF01339.18
Aq_sp_Aq135_00834,PF16203.6
Aq_sp_Aq135_00835,PF00155.22
Aq_sp_Aq135_00836,GT30
Aq_sp_Aq135_00837,PF13229.7
Aq_sp_Aq135_00838,PF09365.11
Aq_sp_Aq135_00839,PF13238.7
Aq_sp_Aq135_00840,PF03625.15
Aq_sp_Aq135_00842,PF13715.7
Aq_sp_Aq135_00843,PF01757.23
Aq_sp_Aq135_00844,PF07681.13
Aq_sp_Aq135_00846,PF02773.17
Aq_sp_Aq135_00847,PF00155.22
Aq_sp_Aq135_00848,PF00561.21
Aq_sp_Aq135_00849,PF00696.29
Aq_sp_Aq135_00850,PF02566.20
Aq_sp_Aq135_00851,PF00155.22
Aq_sp_Aq135_00852,PF09834.10
Aq_sp_Aq135_00853,PF01507.20
Aq_sp_Aq135_00854,COG1943
Aq_sp_Aq135_00859,PF04851.16
Aq_sp_Aq135_00860,PF00263.22
Aq_sp_Aq135_00868,PF07963.13
Aq_sp_Aq135_00869,PF00482.24
Aq_sp_Aq135_00870,PF01757.23
Aq_sp_Aq135_00871,PF05099.14
Aq_sp_Aq135_00872,PF02518.27
Aq_sp_Aq135_00873,PF00025.22
Aq_sp_Aq135_00876,PF00316.21
Aq_sp_Aq135_00877,PF00583.26
Aq_sp_Aq135_00878,PF00696.29
Aq_sp_Aq135_00879,PF13444.7
Aq_sp_Aq135_00880,PF01451.22
Aq_sp_Aq135_00881,PF00583.26
Aq_sp_Aq135_00883,PF12840.8
Aq_sp_Aq135_00884,PF05154.17
Aq_sp_Aq135_00885,PF05656.15
Aq_sp_Aq135_00886,PF00903.26
Aq_sp_Aq135_00887,PF08818.12
Aq_sp_Aq135_00888,PF13858.7
Aq_sp_Aq135_00889,PF00196.20
Aq_sp_Aq135_00890,COG4339
Aq_sp_Aq135_00891,PF00389.31
Aq_sp_Aq135_00892,PF08241.13
Aq_sp_Aq135_00893,PF11028.9
Aq_sp_Aq135_00894,PF05658.15
Aq_sp_Aq135_00896,PF00571.29
Aq_sp_Aq135_00897,PF00398.21
Aq_sp_Aq135_00898,PF14114.7
Aq_sp_Aq135_00899,PF12895.8
Aq_sp_Aq135_00900,PF02403.23
Aq_sp_Aq135_00901,PF12895.8
Aq_sp_Aq135_00902,PF05090.15
Aq_sp_Aq135_00903,PF01467.27
Aq_sp_Aq135_00904,PF01195.20
Aq_sp_Aq135_00905,PF01386.20
Aq_sp_Aq135_00906,PF00156.28
Aq_sp_Aq135_00907,PF14280.7
Aq_sp_Aq135_00908,PF07751.12
Aq_sp_Aq135_00910,PF00149.29
Aq_sp_Aq135_00912,PF10626.10
Aq_sp_Aq135_00913,PF02534.15
Aq_sp_Aq135_00914,PF18976.1
Aq_sp_Aq135_00916,COG1484
Aq_sp_Aq135_00917,PF12728.8
Aq_sp_Aq135_00918,PF00571.29
Aq_sp_Aq135_00922,PF00589.23
Aq_sp_Aq135_00924,PF13191.7
Aq_sp_Aq135_00925,PF00797.18
Aq_sp_Aq135_00928,PF01593.25
Aq_sp_Aq135_00930,PF04542.15
Aq_sp_Aq135_00931,PF00072.25
Aq_sp_Aq135_00932,PF13424.7
Aq_sp_Aq135_00933,PF00027.30
Aq_sp_Aq135_00934,PF07681.13
Aq_sp_Aq135_00935,PF00067.23
Aq_sp_Aq135_00936,PF02525.18
Aq_sp_Aq135_00937,PF00266.20
Aq_sp_Aq135_00938,PF12833.8
Aq_sp_Aq135_00939,COG1917
Aq_sp_Aq135_00940,PF01475.20
Aq_sp_Aq135_00942,PF13505.7
Aq_sp_Aq135_00943,PF13795.7
Aq_sp_Aq135_00944,PF00383.24
Aq_sp_Aq135_00945,PF13180.7
Aq_sp_Aq135_00946,PF01914.18
Aq_sp_Aq135_00947,PF11307.9
Aq_sp_Aq135_00948,PF00268.22
Aq_sp_Aq135_00949,PF03477.17
Aq_sp_Aq135_00950,PF01966.23
Aq_sp_Aq135_00951,PF13648.7
Aq_sp_Aq135_00952,PF12833.8
Aq_sp_Aq135_00953,PF03928.15
Aq_sp_Aq135_00954,PF00230.21
Aq_sp_Aq135_00955,PF13648.7
Aq_sp_Aq135_00956,PF13292.7
Aq_sp_Aq135_00957,PF14439.7
Aq_sp_Aq135_00958,PF00571.29
Aq_sp_Aq135_00959,PF00929.25
Aq_sp_Aq135_00960,PF00313.23
Aq_sp_Aq135_00961,PF00571.29
Aq_sp_Aq135_00962,PF02938.15
Aq_sp_Aq135_00963,PF13715.7
Aq_sp_Aq135_00965,PF05099.14
Aq_sp_Aq135_00967,PF04397.16
Aq_sp_Aq135_00968,PF02518.27
Aq_sp_Aq135_00973,PF13715.7
Aq_sp_Aq135_00974,PF18942.1
Aq_sp_Aq135_00975,PF13274.7
Aq_sp_Aq135_00977,PF02661.19
Aq_sp_Aq135_00978,PF03150.15
Aq_sp_Aq135_00979,PF05525.14
Aq_sp_Aq135_00980,PF00561.21
Aq_sp_Aq135_00981,PF00586.25
Aq_sp_Aq135_00982,PF00041.22
Aq_sp_Aq135_00985,PF03150.15
Aq_sp_Aq135_00986,PF01521.21
Aq_sp_Aq135_00987,PF01458.18
Aq_sp_Aq135_00989,PF00005.28
Aq_sp_Aq135_00990,PF01458.18
Aq_sp_Aq135_00991,PF10067.10
Aq_sp_Aq135_00992,PF13308.7
Aq_sp_Aq135_00994,PF00144.25
Aq_sp_Aq135_00995,PF00155.22
Aq_sp_Aq135_00996,PF02657.16
Aq_sp_Aq135_00997,PF01883.20
Aq_sp_Aq135_00998,PF03061.23
Aq_sp_Aq135_00999,PF10652.10
Aq_sp_Aq135_01000,PF11276.9
Aq_sp_Aq135_01001,PF00903.26
Aq_sp_Aq135_01002,PF05195.17
Aq_sp_Aq135_01004,PF02012.21
Aq_sp_Aq135_01005,PF12833.8
Aq_sp_Aq135_01006,PF01590.27
Aq_sp_Aq135_01008,PF11026.9
Aq_sp_Aq135_01009,PF02518.27
Aq_sp_Aq135_01010,PF00072.25
Aq_sp_Aq135_01011,PF03328.15
Aq_sp_Aq135_01014,PF12844.8
Aq_sp_Aq135_01016,PF00035.27
Aq_sp_Aq135_01017,PF00109.27
Aq_sp_Aq135_01018,PF00550.26
Aq_sp_Aq135_01019,PF00551.20
Aq_sp_Aq135_01020,PF01693.17
Aq_sp_Aq135_01022,PF01400.25
Aq_sp_Aq135_01023,PF00294.25
Aq_sp_Aq135_01024,PF13522.7
Aq_sp_Aq135_01025,PF02777.19
Aq_sp_Aq135_01026,PF18958.1
Aq_sp_Aq135_01027,PF13245.7
Aq_sp_Aq135_01028,PF00691.21
Aq_sp_Aq135_01029,PF12705.8
Aq_sp_Aq135_01030,PF00561.21
Aq_sp_Aq135_01032,PF13715.7
Aq_sp_Aq135_01034,PF03929.17
Aq_sp_Aq135_01035,PF00903.26
Aq_sp_Aq135_01036,PF00132.25
Aq_sp_Aq135_01037,COG3391
Aq_sp_Aq135_01038,PF13715.7
Aq_sp_Aq135_01040,PF01894.18
Aq_sp_Aq135_01041,PF08282.13
Aq_sp_Aq135_01042,PF12706.8
Aq_sp_Aq135_01043,PF00679.25
Aq_sp_Aq135_01044,PF01207.18
Aq_sp_Aq135_01045,PF12770.8
Aq_sp_Aq135_01046,PF12704.8
Aq_sp_Aq135_01047,PF02033.19
Aq_sp_Aq135_01048,PF00903.26
Aq_sp_Aq135_01049,PF00677.18
Aq_sp_Aq135_01050,PF04166.13
Aq_sp_Aq135_01051,PF02620.18
Aq_sp_Aq135_01052,PF08545.11
Aq_sp_Aq135_01053,PF00364.23
Aq_sp_Aq135_01054,PF02222.23
Aq_sp_Aq135_01058,PF01266.25
Aq_sp_Aq135_01059,GT51
Aq_sp_Aq135_01062,PF07733.13
Aq_sp_Aq135_01063,PF00817.21
Aq_sp_Aq135_01066,PF01380.23
Aq_sp_Aq135_01068,PF13715.7
Aq_sp_Aq135_01069,PF04199.14
Aq_sp_Aq135_01070,PF03061.23
Aq_sp_Aq135_01074,PF02646.17
Aq_sp_Aq135_01076,PF00005.28
Aq_sp_Aq135_01077,PF12679.8
Aq_sp_Aq135_01078,PF03992.17
Aq_sp_Aq135_01079,PF01887.17
Aq_sp_Aq135_01080,PF13245.7
Aq_sp_Aq135_01081,PF01259.19
Aq_sp_Aq135_01083,PF02012.21
Aq_sp_Aq135_01085,PF01904.19
Aq_sp_Aq135_01086,PF00270.30
Aq_sp_Aq135_01087,PF00072.25
Aq_sp_Aq135_01088,PF02518.27
Aq_sp_Aq135_01089,PF00440.24
Aq_sp_Aq135_01090,PF00109.27
Aq_sp_Aq135_01091,PF04389.18
Aq_sp_Aq135_01092,GCE14
Aq_sp_Aq135_01093,PF00155.22
Aq_sp_Aq135_01094,PF02518.27
Aq_sp_Aq135_01095,PF10417.10
Aq_sp_Aq135_01096,PF00085.21
Aq_sp_Aq135_01098,PF00578.22
Aq_sp_Aq135_01099,PF01219.20
Aq_sp_Aq135_01100,PF12846.8
Aq_sp_Aq135_01101,PF03548.16
Aq_sp_Aq135_01102,PF03739.15
Aq_sp_Aq135_01103,PF00926.20
Aq_sp_Aq135_01104,PF14248.7
Aq_sp_Aq135_01105,PF00144.25
Aq_sp_Aq135_01109,PF04542.15
Aq_sp_Aq135_01110,PF08239.12
Aq_sp_Aq135_01111,PF03971.15
Aq_sp_Aq135_01112,PF01245.21
Aq_sp_Aq135_01113,PF04542.15
Aq_sp_Aq135_01114,PF16344.6
Aq_sp_Aq135_01115,PF13715.7
Aq_sp_Aq135_01116,PF03600.17
Aq_sp_Aq135_01117,PF01746.22
Aq_sp_Aq135_01119,PF02800.21
Aq_sp_Aq135_01120,PF00595.25
Aq_sp_Aq135_01121,PF01678.20
Aq_sp_Aq135_01122,PF00583.26
Aq_sp_Aq135_01123,PF02618.17
Aq_sp_Aq135_01125,PF00590.21
Aq_sp_Aq135_01126,PF01451.22
Aq_sp_Aq135_01127,PF00004.30
Aq_sp_Aq135_01128,PF03061.23
Aq_sp_Aq135_01129,PF01205.20
Aq_sp_Aq135_01130,PF00892.21
Aq_sp_Aq135_01131,PF13419.7
Aq_sp_Aq135_01132,PF00383.24
Aq_sp_Aq135_01134,PF00583.26
Aq_sp_Aq135_01135,PF02527.16
Aq_sp_Aq135_01136,PF18306.2
Aq_sp_Aq135_01137,PF00533.27
Aq_sp_Aq135_01140,PF00701.23
Aq_sp_Aq135_01141,PF07885.17
Aq_sp_Aq135_01142,PF13432.7
Aq_sp_Aq135_01143,PF01192.23
Aq_sp_Aq135_01144,PF04127.16
Aq_sp_Aq135_01145,PF16119.6
Aq_sp_Aq135_01146,PF13175.7
Aq_sp_Aq135_01147,PF00106.26
Aq_sp_Aq135_01148,GT2
Aq_sp_Aq135_01149,PF07949.13
Aq_sp_Aq135_01150,PF13238.7
Aq_sp_Aq135_01151,PF02518.27
Aq_sp_Aq135_01152,PF00072.25
Aq_sp_Aq135_01153,PF01715.18
Aq_sp_Aq135_01154,PF00520.32
Aq_sp_Aq135_01155,PF01541.25
Aq_sp_Aq135_01156,PF01168.21
Aq_sp_Aq135_01157,PF06245.12
Aq_sp_Aq135_01158,PF01551.23
Aq_sp_Aq135_01159,PF00725.23
Aq_sp_Aq135_01160,PF01408.23
Aq_sp_Aq135_01161,PF01135.20
Aq_sp_Aq135_01163,PF01668.19
Aq_sp_Aq135_01164,PF13026.7
Aq_sp_Aq135_01166,PF00300.23
Aq_sp_Aq135_01167,PF03061.23
Aq_sp_Aq135_01168,PF00440.24
Aq_sp_Aq135_01172,PF00270.30
Aq_sp_Aq135_01173,PF01433.21
Aq_sp_Aq135_01174,PF01734.23
Aq_sp_Aq135_01175,PF01734.23
Aq_sp_Aq135_01177,PF01645.18
Aq_sp_Aq135_01178,PF07687.15
Aq_sp_Aq135_01179,PF02635.16
Aq_sp_Aq135_01180,PF19081.1
Aq_sp_Aq135_01182,PF13245.7
Aq_sp_Aq135_01183,PF01300.19
Aq_sp_Aq135_01184,PF05721.14
Aq_sp_Aq135_01185,PF02311.20
Aq_sp_Aq135_01186,PF18417.2
Aq_sp_Aq135_01187,PF01494.20
Aq_sp_Aq135_01188,PF00797.18
Aq_sp_Aq135_01189,PF04294.14
Aq_sp_Aq135_01190,PF01638.18
Aq_sp_Aq135_01191,PF03795.15
Aq_sp_Aq135_01193,PF00795.23
Aq_sp_Aq135_01194,PF00583.26
Aq_sp_Aq135_01196,COG2128
Aq_sp_Aq135_01197,PF01161.21
Aq_sp_Aq135_01198,PF12833.8
Aq_sp_Aq135_01199,PF01979.21
Aq_sp_Aq135_01200,PF04982.14
Aq_sp_Aq135_01201,PF00970.25
Aq_sp_Aq135_01203,PF01177.23
Aq_sp_Aq135_01205,PF08241.13
Aq_sp_Aq135_01206,PF18990.1
Aq_sp_Aq135_01207,PF01048.21
Aq_sp_Aq135_01209,PF01253.23
Aq_sp_Aq135_01210,PF03171.21
Aq_sp_Aq135_01211,PF00676.21
Aq_sp_Aq135_01212,PF05118.16
Aq_sp_Aq135_01213,PF01073.20
Aq_sp_Aq135_01214,PF00984.20
Aq_sp_Aq135_01215,PF01554.19
Aq_sp_Aq135_01217,PF04230.14
Aq_sp_Aq135_01218,GT4
Aq_sp_Aq135_01219,GT4
Aq_sp_Aq135_01220,PF00132.25
Aq_sp_Aq135_01221,PF00501.29
Aq_sp_Aq135_01222,PF00550.26
Aq_sp_Aq135_01223,PF03062.20
Aq_sp_Aq135_01225,PF14897.7
Aq_sp_Aq135_01226,PF00535.27
Aq_sp_Aq135_01227,GT4
Aq_sp_Aq135_01228,COG1541
Aq_sp_Aq135_01229,GT4
Aq_sp_Aq135_01230,PF00733.22
Aq_sp_Aq135_01231,PF03062.20
Aq_sp_Aq135_01233,PF03062.20
Aq_sp_Aq135_01235,PF13229.7
Aq_sp_Aq135_01236,GT4
Aq_sp_Aq135_01237,PF14397.7
Aq_sp_Aq135_01238,COG1541
Aq_sp_Aq135_01239,PF02397.17
Aq_sp_Aq135_01241,PF00501.29
Aq_sp_Aq135_01242,PF00550.26
Aq_sp_Aq135_01243,PF00132.25
Aq_sp_Aq135_01244,PF02397.17
Aq_sp_Aq135_01245,PF00132.25
Aq_sp_Aq135_01246,PF13480.8
Aq_sp_Aq135_01247,PF13480.8
Aq_sp_Aq135_01249,PF03062.20
Aq_sp_Aq135_01250,PF00155.22
Aq_sp_Aq135_01251,PF01073.20
Aq_sp_Aq135_01252,PF02563.17
Aq_sp_Aq135_01253,PF13614.7
Aq_sp_Aq135_01254,K01104
Aq_sp_Aq135_01255,PF10988.9
Aq_sp_Aq135_01258,PF04542.15
Aq_sp_Aq135_01259,PF00004.30
Aq_sp_Aq135_01260,COG3743
Aq_sp_Aq135_01261,PF00691.21
Aq_sp_Aq135_01262,PF01634.19
Aq_sp_Aq135_01263,PF00815.21
Aq_sp_Aq135_01264,PF04864.14
Aq_sp_Aq135_01265,PF00475.19
Aq_sp_Aq135_01266,PF00117.29
Aq_sp_Aq135_01267,PF00977.22
Aq_sp_Aq135_01268,PF00977.22
Aq_sp_Aq135_01269,PF01502.19
Aq_sp_Aq135_01270,PF13585.7
Aq_sp_Aq135_01271,PF11751.9
Aq_sp_Aq135_01272,PF00691.21
Aq_sp_Aq135_01273,PF17092.6
Aq_sp_Aq135_01275,PF05610.12
Aq_sp_Aq135_01276,PF00171.23
Aq_sp_Aq135_01277,PF06719.14
Aq_sp_Aq135_01279,PF00156.28
Aq_sp_Aq135_01280,PF00185.25
Aq_sp_Aq135_01282,PF13098.7
Aq_sp_Aq135_01283,PF00753.28
Aq_sp_Aq135_01284,PF10590.10
Aq_sp_Aq135_01285,PF01345.19
Aq_sp_Aq135_01286,PF00300.23
Aq_sp_Aq135_01287,PF13091.7
Aq_sp_Aq135_01288,PF02541.17
Aq_sp_Aq135_01289,PF13505.7
Aq_sp_Aq135_01290,PF00027.30
Aq_sp_Aq135_01291,PF14534.7
Aq_sp_Aq135_01292,PF02784.17
Aq_sp_Aq135_01293,PF00550.26
Aq_sp_Aq135_01294,PF00501.29
Aq_sp_Aq135_01295,PF00561.21
Aq_sp_Aq135_01297,PF00171.23
Aq_sp_Aq135_01298,PF01266.25
Aq_sp_Aq135_01299,PF07681.13
Aq_sp_Aq135_01300,PF00578.22
Aq_sp_Aq135_01301,PF00004.30
Aq_sp_Aq135_01302,PF11009.9
Aq_sp_Aq135_01303,K06886
Aq_sp_Aq135_01304,PF00027.30
Aq_sp_Aq135_01306,PF01557.19
Aq_sp_Aq135_01307,PF01212.22
Aq_sp_Aq135_01309,PF02627.21
Aq_sp_Aq135_01310,PF01252.19
Aq_sp_Aq135_01311,PF13302.8
Aq_sp_Aq135_01312,PF04940.13
Aq_sp_Aq135_01313,PF03600.17
Aq_sp_Aq135_01317,PF03372.24
Aq_sp_Aq135_01318,PF01262.22
Aq_sp_Aq135_01319,PF00664.24
Aq_sp_Aq135_01320,PF00753.28
Aq_sp_Aq135_01321,PF04307.15
Aq_sp_Aq135_01322,PF01936.19
Aq_sp_Aq135_01323,PF00270.30
Aq_sp_Aq135_01324,PF02525.18
Aq_sp_Aq135_01325,PF04715.14
Aq_sp_Aq135_01326,PF00082.23
Aq_sp_Aq135_01327,PF00027.30
Aq_sp_Aq135_01328,PF12799.8
Aq_sp_Aq135_01330,PF01171.21
Aq_sp_Aq135_01331,PF11412.9
Aq_sp_Aq135_01332,PF02129.19
Aq_sp_Aq135_01333,PF05960.12
Aq_sp_Aq135_01334,PF16011.6
Aq_sp_Aq135_01335,PF07609.12
Aq_sp_Aq135_01336,PF16401.6
Aq_sp_Aq135_01337,PF02638.16
Aq_sp_Aq135_01338,PF03929.17
Aq_sp_Aq135_01339,PF13533.7
Aq_sp_Aq135_01340,PF00664.24
Aq_sp_Aq135_01341,GH13_7
Aq_sp_Aq135_01342,PF14292.7
Aq_sp_Aq135_01343,PF14322.7
Aq_sp_Aq135_01344,PF13715.7
Aq_sp_Aq135_01345,PF00356.22
Aq_sp_Aq135_01346,PF07690.17
Aq_sp_Aq135_01347,PF13419.7
Aq_sp_Aq135_01348,GH65
Aq_sp_Aq135_01349,GH13
Aq_sp_Aq135_01350,PF01513.22
Aq_sp_Aq135_01351,PF02800.21
Aq_sp_Aq135_01352,PF01869.21
Aq_sp_Aq135_01353,PF13875.7
Aq_sp_Aq135_01354,PF03572.19
Aq_sp_Aq135_01355,PF13715.7
Aq_sp_Aq135_01356,PF02518.27
Aq_sp_Aq135_01358,PF01734.23
Aq_sp_Aq135_01359,PF09722.11
Aq_sp_Aq135_01360,PF08808.12
Aq_sp_Aq135_01361,PF01431.22
Aq_sp_Aq135_01363,PF00696.29
Aq_sp_Aq135_01364,PF07728.15
Aq_sp_Aq135_01365,PF11199.9
Aq_sp_Aq135_01366,PF01566.19
Aq_sp_Aq135_01367,PF03746.17
Aq_sp_Aq135_01368,PF02682.17
Aq_sp_Aq135_01369,PF02626.16
Aq_sp_Aq135_01371,PF02518.27
Aq_sp_Aq135_01372,PF00196.20
Aq_sp_Aq135_01373,PF00920.22
Aq_sp_Aq135_01374,PF02775.22
Aq_sp_Aq135_01375,PF01842.26
Aq_sp_Aq135_01376,PF02826.20
Aq_sp_Aq135_01377,PF00291.26
Aq_sp_Aq135_01378,PF18962.1
Aq_sp_Aq135_01380,PF13508.8
Aq_sp_Aq135_01381,PF00764.20
Aq_sp_Aq135_01382,PF01118.25
Aq_sp_Aq135_01383,PF03807.18
Aq_sp_Aq135_01384,PF00202.22
Aq_sp_Aq135_01385,PF00171.23
Aq_sp_Aq135_01386,PF00696.29
Aq_sp_Aq135_01387,PF00185.25
Aq_sp_Aq135_01388,PF00696.29
Aq_sp_Aq135_01389,PF07687.15
Aq_sp_Aq135_01390,PF00206.21
Aq_sp_Aq135_01392,PF02518.27
Aq_sp_Aq135_01393,PF00072.25
Aq_sp_Aq135_01394,PF01039.23
Aq_sp_Aq135_01395,PF02222.23
Aq_sp_Aq135_01396,PF00364.23
Aq_sp_Aq135_01397,PF04307.15
Aq_sp_Aq135_01398,PF00072.25
Aq_sp_Aq135_01399,PF00072.25
Aq_sp_Aq135_01400,PF13715.7
Aq_sp_Aq135_01401,PF13689.7
Aq_sp_Aq135_01402,PF00375.19
Aq_sp_Aq135_01403,PF02230.17
Aq_sp_Aq135_01405,PF00027.30
Aq_sp_Aq135_01406,PF00106.26
Aq_sp_Aq135_01407,PF10000.10
Aq_sp_Aq135_01409,PF00330.21
Aq_sp_Aq135_01412,PF00027.30
Aq_sp_Aq135_01413,PF00775.22
Aq_sp_Aq135_01414,PF04397.16
Aq_sp_Aq135_01415,PF01914.18
Aq_sp_Aq135_01418,PF01810.19
Aq_sp_Aq135_01420,PF00106.26
Aq_sp_Aq135_01421,PF16925.6
Aq_sp_Aq135_01422,PF07609.12
Aq_sp_Aq135_01423,PF12799.8
Aq_sp_Aq135_01424,PF00144.25
Aq_sp_Aq135_01425,PF09685.11
Aq_sp_Aq135_01426,PF16286.6
Aq_sp_Aq135_01427,PF00550.26
Aq_sp_Aq135_01428,PF00144.25
Aq_sp_Aq135_01430,PF11288.9
Aq_sp_Aq135_01431,PF05016.16
Aq_sp_Aq135_01432,PF03693.15
Aq_sp_Aq135_01433,PF01609.22
Aq_sp_Aq135_01435,PF08241.13
Aq_sp_Aq135_01436,PF01548.18
Aq_sp_Aq135_01438,PF00144.25
Aq_sp_Aq135_01440,PF00756.21
Aq_sp_Aq135_01441,PF11042.9
Aq_sp_Aq135_01442,PF10067.10
Aq_sp_Aq135_01443,PF04397.16
Aq_sp_Aq135_01444,PF10544.10
Aq_sp_Aq135_01445,PF00501.29
Aq_sp_Aq135_01446,PF00202.22
Aq_sp_Aq135_01450,PF02357.20
Aq_sp_Aq135_01451,PF13884.7
Aq_sp_Aq135_01452,PF00356.22
Aq_sp_Aq135_01453,PF13715.7
Aq_sp_Aq135_01454,PF01256.18
Aq_sp_Aq135_01455,PF00962.23
Aq_sp_Aq135_01456,PF01156.20
Aq_sp_Aq135_01457,PF01306.20
Aq_sp_Aq135_01458,PF00356.22
Aq_sp_Aq135_01463,PF18962.1
Aq_sp_Aq135_01465,PF00106.26
Aq_sp_Aq135_01466,PF01634.19
Aq_sp_Aq135_01467,PF13238.7
Aq_sp_Aq135_01469,PF01259.19
Aq_sp_Aq135_01470,PF18765.2
Aq_sp_Aq135_01471,PF00258.26
Aq_sp_Aq135_01472,PF10029.10
Aq_sp_Aq135_01473,PF00023.31
Aq_sp_Aq135_01474,PF13715.7
Aq_sp_Aq135_01475,PF10029.10
Aq_sp_Aq135_01476,PF00023.31
Aq_sp_Aq135_01478,PF07715.16
Aq_sp_Aq135_01479,PF14064.7
Aq_sp_Aq135_01480,PF18962.1
Aq_sp_Aq135_01482,PF01476.21
Aq_sp_Aq135_01486,COG4278
Aq_sp_Aq135_01488,PF13715.7
Aq_sp_Aq135_01490,PF13304.7
Aq_sp_Aq135_01491,PF12679.8
Aq_sp_Aq135_01492,PF12679.8
Aq_sp_Aq135_01493,GCBM9
Aq_sp_Aq135_01494,PF01554.19
Aq_sp_Aq135_01495,PF13649.7
Aq_sp_Aq135_01496,PF01475.20
Aq_sp_Aq135_01497,PF13715.7
Aq_sp_Aq135_01498,PF00881.25
Aq_sp_Aq135_01499,PF00282.20
Aq_sp_Aq135_01500,PF13523.7
Aq_sp_Aq135_01501,PF13434.7
Aq_sp_Aq135_01502,PF06276.13
Aq_sp_Aq135_01503,PF01554.19
Aq_sp_Aq135_01505,PF00501.29
Aq_sp_Aq135_01506,PF00378.21
Aq_sp_Aq135_01507,PF00258.26
Aq_sp_Aq135_01509,PF12833.8
Aq_sp_Aq135_01510,PF13715.7
Aq_sp_Aq135_01511,PF14298.7
Aq_sp_Aq135_01512,PF10670.10
Aq_sp_Aq135_01513,PF08241.13
Aq_sp_Aq135_01515,PF12799.8
Aq_sp_Aq135_01518,PF00144.25
Aq_sp_Aq135_01520,PF00155.22
Aq_sp_Aq135_01521,PF01554.19
Aq_sp_Aq135_01522,PF00501.29
Aq_sp_Aq135_01523,PF13468.7
Aq_sp_Aq135_01524,PF01739.19
Aq_sp_Aq135_01525,PF03435.19
Aq_sp_Aq135_01526,PF00501.29
Aq_sp_Aq135_01527,PF13614.7
Aq_sp_Aq135_01528,PF02563.17
Aq_sp_Aq135_01529,PF02397.17
Aq_sp_Aq135_01531,PF04007.13
Aq_sp_Aq135_01532,PF13480.8
Aq_sp_Aq135_01533,PF00534.21
Aq_sp_Aq135_01534,COG0189
Aq_sp_Aq135_01535,PF00733.22
Aq_sp_Aq135_01536,PF13231.7
Aq_sp_Aq135_01537,PF01943.18
Aq_sp_Aq135_01538,PF02469.23
Aq_sp_Aq135_01540,PF00004.30
Aq_sp_Aq135_01542,PF17541.3
Aq_sp_Aq135_01544,PF01551.23
Aq_sp_Aq135_01546,PF14107.7
Aq_sp_Aq135_01548,PF09994.10
Aq_sp_Aq135_01549,PF11153.9
Aq_sp_Aq135_01550,PF04717.13
Aq_sp_Aq135_01551,PF17642.2
Aq_sp_Aq135_01552,PF17555.3
Aq_sp_Aq135_01553,PF06996.12
Aq_sp_Aq135_01554,PF00877.20
Aq_sp_Aq135_01555,PF04965.15
Aq_sp_Aq135_01556,PF05947.13
Aq_sp_Aq135_01557,PF00801.21
Aq_sp_Aq135_01559,PF17561.3
Aq_sp_Aq135_01560,PF13180.7
Aq_sp_Aq135_01561,PF00266.20
Aq_sp_Aq135_01562,PF00293.29
Aq_sp_Aq135_01563,PF01408.23
Aq_sp_Aq135_01564,PF01041.18
Aq_sp_Aq135_01565,PF08282.13
Aq_sp_Aq135_01566,PF01554.19
Aq_sp_Aq135_01567,PF00478.26
Aq_sp_Aq135_01568,PF08282.13
Aq_sp_Aq135_01569,PF03928.15
Aq_sp_Aq135_01570,PF13500.7
Aq_sp_Aq135_01571,PF00155.22
Aq_sp_Aq135_01572,PF03186.14
Aq_sp_Aq135_01573,PF13521.7
Aq_sp_Aq135_01574,COG3411
Aq_sp_Aq135_01575,COG0451
Aq_sp_Aq135_01576,PF00590.21
Aq_sp_Aq135_01577,PF06180.12
Aq_sp_Aq135_01578,PF13302.8
Aq_sp_Aq135_01579,PF00561.21
Aq_sp_Aq135_01580,PF08238.13
Aq_sp_Aq135_01582,PF14080.7
Aq_sp_Aq135_01583,PF13672.7
Aq_sp_Aq135_01586,PF07676.13
Aq_sp_Aq135_01587,PF08327.12
Aq_sp_Aq135_01588,PF08279.13
Aq_sp_Aq135_01589,PF00144.25
Aq_sp_Aq135_01590,PF07883.12
Aq_sp_Aq135_01591,PF13644.7
Aq_sp_Aq135_01592,PF11969.9
Aq_sp_Aq135_01593,PF02514.17
Aq_sp_Aq135_01594,PF13500.7
Aq_sp_Aq135_01595,PF03625.15
Aq_sp_Aq135_01596,PF07728.15
Aq_sp_Aq135_01597,PF01541.25
Aq_sp_Aq135_01598,PF03062.20
Aq_sp_Aq135_01599,PF13472.7
Aq_sp_Aq135_01600,PF13472.7
Aq_sp_Aq135_01602,PF12388.9
Aq_sp_Aq135_01603,PF02222.23
Aq_sp_Aq135_01606,PF03480.14
Aq_sp_Aq135_01607,PF06808.13
Aq_sp_Aq135_01608,PF04290.13
Aq_sp_Aq135_01609,PF03883.15
Aq_sp_Aq135_01610,PF12681.8
Aq_sp_Aq135_01611,GH99
Aq_sp_Aq135_01612,PF00313.23
Aq_sp_Aq135_01613,PF00849.23
Aq_sp_Aq135_01614,PF03793.20
Aq_sp_Aq135_01615,PF02222.23
Aq_sp_Aq135_01616,PF01467.27
Aq_sp_Aq135_01617,PF01400.25
Aq_sp_Aq135_01618,PF14526.7
Aq_sp_Aq135_01619,PF01522.22
Aq_sp_Aq135_01620,PF04072.15
Aq_sp_Aq135_01622,PF00916.21
Aq_sp_Aq135_01624,GH18
Aq_sp_Aq135_01625,PF04972.18
Aq_sp_Aq135_01626,PF00293.29
Aq_sp_Aq135_01627,PF00156.28
Aq_sp_Aq135_01629,PF03099.20
Aq_sp_Aq135_01630,PF02410.16
Aq_sp_Aq135_01631,PF00004.30
Aq_sp_Aq135_01632,PF02589.16
Aq_sp_Aq135_01633,PF01148.21
Aq_sp_Aq135_01634,PF02666.16
Aq_sp_Aq135_01635,PF00887.20
Aq_sp_Aq135_01636,PF08264.14
Aq_sp_Aq135_01637,PF07610.12
Aq_sp_Aq135_01638,PF13650.7
Aq_sp_Aq135_01639,PF00155.22
Aq_sp_Aq135_01640,PF01565.24
Aq_sp_Aq135_01641,PF07638.12
Aq_sp_Aq135_01643,PF16881.6
Aq_sp_Aq135_01644,PF02800.21
Aq_sp_Aq135_01645,PF02518.27
Aq_sp_Aq135_01646,PF02606.15
Aq_sp_Aq135_01647,PF01784.19
Aq_sp_Aq135_01648,PF02591.16
Aq_sp_Aq135_01649,GT0+GT4
Aq_sp_Aq135_01650,PF01649.19
Aq_sp_Aq135_01651,PF03129.21
Aq_sp_Aq135_01654,PF13585.7
Aq_sp_Aq135_01655,PF13585.7
Aq_sp_Aq135_01656,PF01227.23
Aq_sp_Aq135_01657,PF09190.12
Aq_sp_Aq135_01658,PF01790.19
Aq_sp_Aq135_01659,PF03462.19
Aq_sp_Aq135_01660,PF16410.6
Aq_sp_Aq135_01661,PF07690.17
Aq_sp_Aq135_01664,PF01625.22
Aq_sp_Aq135_01665,PF14903.7
Aq_sp_Aq135_01666,PF02769.23
Aq_sp_Aq135_01667,PF13715.7
Aq_sp_Aq135_01668,PF03783.15
Aq_sp_Aq135_01669,PF10614.10
Aq_sp_Aq135_01670,PF10627.10
Aq_sp_Aq135_01672,PF07012.13
Aq_sp_Aq135_01673,PF00120.25
Aq_sp_Aq135_01674,PF00120.25
Aq_sp_Aq135_01675,PF01699.25
Aq_sp_Aq135_01676,PF12388.9
Aq_sp_Aq135_01677,PF06580.14
Aq_sp_Aq135_01678,PF04397.16
Aq_sp_Aq135_01680,PF00156.28
Aq_sp_Aq135_01683,COG3209
Aq_sp_Aq135_01686,PF03938.15
Aq_sp_Aq135_01687,PF13385.7
Aq_sp_Aq135_01688,PF02559.17
Aq_sp_Aq135_01689,PF17642.2
Aq_sp_Aq135_01690,PF08378.12
Aq_sp_Aq135_01691,PF02016.16
Aq_sp_Aq135_01692,PF08811.12
Aq_sp_Aq135_01693,PF07394.13
Aq_sp_Aq135_01694,PF08264.14
Aq_sp_Aq135_01696,PF00850.20
Aq_sp_Aq135_01698,PF00571.29
Aq_sp_Aq135_01699,PF04389.18
Aq_sp_Aq135_01700,PF16403.6
Aq_sp_Aq135_01701,PF13085.7
Aq_sp_Aq135_01702,PF00890.25
Aq_sp_Aq135_01703,PF01127.23
Aq_sp_Aq135_01704,PF00155.22
Aq_sp_Aq135_01705,PF00817.21
Aq_sp_Aq135_01706,PF01928.22
Aq_sp_Aq135_01708,PF00072.25
Aq_sp_Aq135_01709,PF02518.27
Aq_sp_Aq135_01710,PF03924.14
Aq_sp_Aq135_01711,PF00041.22
Aq_sp_Aq135_01712,GT51
Aq_sp_Aq135_01713,PF00149.29
Aq_sp_Aq135_01714,PF02872.19
Aq_sp_Aq135_01715,PF03992.17
Aq_sp_Aq135_01716,PF14094.7
Aq_sp_Aq135_01718,PF00207.23
Aq_sp_Aq135_01720,PF01112.19
Aq_sp_Aq135_01721,PF13676.7
Aq_sp_Aq135_01723,PF04055.22
Aq_sp_Aq135_01724,PF01966.23
Aq_sp_Aq135_01725,PF03405.15
Aq_sp_Aq135_01726,PF01553.22
Aq_sp_Aq135_01727,PF06491.12
Aq_sp_Aq135_01728,PF00226.32
Aq_sp_Aq135_01729,PF05834.13
Aq_sp_Aq135_01731,PF00892.21
Aq_sp_Aq135_01732,PF07664.13
Aq_sp_Aq135_01733,PF02630.15
Aq_sp_Aq135_01734,PF00595.25
Aq_sp_Aq135_01736,PF08239.12
Aq_sp_Aq135_01740,PF00144.25
Aq_sp_Aq135_01742,PF07661.14
Aq_sp_Aq135_01743,PF00857.21
Aq_sp_Aq135_01744,PF01965.25
Aq_sp_Aq135_01746,PF07676.13
Aq_sp_Aq135_01747,PF13715.7
Aq_sp_Aq135_01748,PF06580.14
Aq_sp_Aq135_01749,PF04397.16
Aq_sp_Aq135_01751,PF00027.30
Aq_sp_Aq135_01753,PF01619.19
Aq_sp_Aq135_01754,PF01037.22
Aq_sp_Aq135_01756,PF00144.25
Aq_sp_Aq135_01757,PF00144.25
Aq_sp_Aq135_01758,PF12893.8
Aq_sp_Aq135_01759,PF01965.25
Aq_sp_Aq135_01760,PF13505.7
Aq_sp_Aq135_01761,PF13972.7
Aq_sp_Aq135_01763,PF18096.2
Aq_sp_Aq135_01764,PF01594.17
Aq_sp_Aq135_01766,PF00588.20
Aq_sp_Aq135_01767,PF13709.7
Aq_sp_Aq135_01768,PF06764.12
Aq_sp_Aq135_01769,PF00144.25
Aq_sp_Aq135_01771,PF00712.20
Aq_sp_Aq135_01772,PF12867.8
Aq_sp_Aq135_01773,PF01032.19
Aq_sp_Aq135_01774,PF01497.19
Aq_sp_Aq135_01775,PF00300.23
Aq_sp_Aq135_01776,PF02654.16
Aq_sp_Aq135_01777,PF02277.18
Aq_sp_Aq135_01778,PF02283.17
Aq_sp_Aq135_01779,PF07715.16
Aq_sp_Aq135_01780,PF03572.19
Aq_sp_Aq135_01781,PF04542.15
Aq_sp_Aq135_01783,PF14060.7
Aq_sp_Aq135_01784,PF14060.7
Aq_sp_Aq135_01785,PF08328.12
Aq_sp_Aq135_01787,PF02146.18
Aq_sp_Aq135_01788,PF04397.16
Aq_sp_Aq135_01789,PF02518.27
Aq_sp_Aq135_01790,PF00072.25
Aq_sp_Aq135_01793,PF16347.6
Aq_sp_Aq135_01795,PF07885.17
Aq_sp_Aq135_01796,PF12833.8
Aq_sp_Aq135_01797,PF01965.25
Aq_sp_Aq135_01798,PF00144.25
Aq_sp_Aq135_01799,PF12893.8
Aq_sp_Aq135_01800,PF00144.25
Aq_sp_Aq135_01801,PF14534.7
Aq_sp_Aq135_01802,PF02129.19
Aq_sp_Aq135_01804,PF00268.22
Aq_sp_Aq135_01805,PF02867.16
Aq_sp_Aq135_01806,PF00441.25
Aq_sp_Aq135_01807,PF04397.16
Aq_sp_Aq135_01808,PF06580.14
Aq_sp_Aq135_01809,PF00583.26
Aq_sp_Aq135_01810,PF12799.8
Aq_sp_Aq135_01811,PF00144.25
Aq_sp_Aq135_01812,PF13715.7
Aq_sp_Aq135_01813,PF14298.7
Aq_sp_Aq135_01815,PF03929.17
Aq_sp_Aq135_01816,PF14298.7
Aq_sp_Aq135_01817,PF13715.7
Aq_sp_Aq135_01818,PF07007.13
Aq_sp_Aq135_01819,PF15418.7
Aq_sp_Aq135_01821,PF13715.7
Aq_sp_Aq135_01822,PF14902.7
Aq_sp_Aq135_01823,COG0664
Aq_sp_Aq135_01825,PF00441.25
Aq_sp_Aq135_01827,PF04397.16
Aq_sp_Aq135_01828,PF02492.20
Aq_sp_Aq135_01829,PF02777.19
Aq_sp_Aq135_01831,PF05593.15
Aq_sp_Aq135_01834,PF06877.12
Aq_sp_Aq135_01837,PF02687.22
Aq_sp_Aq135_01838,PF13401.7
Aq_sp_Aq135_01839,PF00583.26
Aq_sp_Aq135_01840,PF12833.8
Aq_sp_Aq135_01841,PF13715.7
Aq_sp_Aq135_01842,PF00756.21
Aq_sp_Aq135_01843,PF07859.14
Aq_sp_Aq135_01844,PF03301.14
Aq_sp_Aq135_01845,PF06167.13
Aq_sp_Aq135_01846,PF01027.21
Aq_sp_Aq135_01847,PF12831.8
Aq_sp_Aq135_01848,PF00834.20
Aq_sp_Aq135_01849,PF04940.13
Aq_sp_Aq135_01851,PF00140.21
Aq_sp_Aq135_01852,PF12146.9
Aq_sp_Aq135_01853,PF05139.15
Aq_sp_Aq135_01854,PF00326.22
Aq_sp_Aq135_01855,PF00326.22
Aq_sp_Aq135_01856,PF12833.8
Aq_sp_Aq135_01858,PF04717.13
Aq_sp_Aq135_01859,PF05488.14
Aq_sp_Aq135_01865,PF12679.8
Aq_sp_Aq135_01866,PF13304.7
Aq_sp_Aq135_01867,PF00490.22
Aq_sp_Aq135_01869,COG4654
Aq_sp_Aq135_01870,PF05163.13
Aq_sp_Aq135_01871,PF00571.29
Aq_sp_Aq135_01872,PF01035.21
Aq_sp_Aq135_01874,PF00930.22
Aq_sp_Aq135_01875,PF01738.19
Aq_sp_Aq135_01876,PF11276.9
Aq_sp_Aq135_01877,PF00025.22
Aq_sp_Aq135_01880,PF18942.1
Aq_sp_Aq135_01881,PF00144.25
Aq_sp_Aq135_01882,PF10108.10
Aq_sp_Aq135_01883,PF00041.22
Aq_sp_Aq135_01884,PF00561.21
Aq_sp_Aq135_01885,PF13279.7
Aq_sp_Aq135_01886,PF00892.21
Aq_sp_Aq135_01887,PF03960.16
Aq_sp_Aq135_01888,PF12867.8
Aq_sp_Aq135_01889,PF11738.9
Aq_sp_Aq135_01890,PF00155.22
Aq_sp_Aq135_01891,PF00208.22
Aq_sp_Aq135_01892,PF02565.16
Aq_sp_Aq135_01893,PF14905.7
Aq_sp_Aq135_01894,PF12710.8
Aq_sp_Aq135_01895,PF13474.7
Aq_sp_Aq135_01897,PF13304.7
Aq_sp_Aq135_01898,PF00528.23
Aq_sp_Aq135_01899,PF03459.18
Aq_sp_Aq135_01900,PF01547.26
Aq_sp_Aq135_01901,PF02353.21
Aq_sp_Aq135_01903,COG3324
Aq_sp_Aq135_01904,PF04993.14
Aq_sp_Aq135_01905,PF00144.25
Aq_sp_Aq135_01906,PF01613.19
Aq_sp_Aq135_01907,PF01557.19
Aq_sp_Aq135_01908,PF01047.23
Aq_sp_Aq135_01909,PF04209.14
Aq_sp_Aq135_01910,PF12741.8
Aq_sp_Aq135_01911,PF13715.7
Aq_sp_Aq135_01912,PF00474.18
Aq_sp_Aq135_01913,PF02518.27
Aq_sp_Aq135_01914,GH109
Aq_sp_Aq135_01915,PF13715.7
Aq_sp_Aq135_01916,PF14322.7
Aq_sp_Aq135_01917,PF01839.24
Aq_sp_Aq135_01918,PF11958.9
Aq_sp_Aq135_01919,PF10509.10
Aq_sp_Aq135_01920,PF00483.24
Aq_sp_Aq135_01921,PF01613.19
Aq_sp_Aq135_01922,PF03109.17
Aq_sp_Aq135_01923,PF17931.2
Aq_sp_Aq135_01924,PF03073.16
Aq_sp_Aq135_01925,PF00881.25
Aq_sp_Aq135_01926,PF01638.18
Aq_sp_Aq135_01927,PF13715.7
Aq_sp_Aq135_01928,PF00884.24
Aq_sp_Aq135_01929,PF00171.23
Aq_sp_Aq135_01930,PF00324.22
Aq_sp_Aq135_01931,PF06792.12
Aq_sp_Aq135_01932,PF13419.7
Aq_sp_Aq135_01933,PF00202.22
Aq_sp_Aq135_01934,PF00155.22
Aq_sp_Aq135_01935,PF02311.20
Aq_sp_Aq135_01936,PF00171.23
Aq_sp_Aq135_01937,PF02962.16
Aq_sp_Aq135_01938,PF00903.26
Aq_sp_Aq135_01939,PF03241.14
Aq_sp_Aq135_01940,PF01613.19
Aq_sp_Aq135_01941,PF00171.23
Aq_sp_Aq135_01942,PF03328.15
Aq_sp_Aq135_01943,PF01557.19
Aq_sp_Aq135_01944,PF01557.19
Aq_sp_Aq135_01945,PF05141.13
Aq_sp_Aq135_01946,PF02668.17
Aq_sp_Aq135_01947,PF01494.20
Aq_sp_Aq135_01948,PF01361.22
Aq_sp_Aq135_01949,PF07366.13
Aq_sp_Aq135_01950,PF13276.7
Aq_sp_Aq135_01951,PF01527.21
Aq_sp_Aq135_01952,PF01400.25
Aq_sp_Aq135_01953,PF18962.1
Aq_sp_Aq135_01955,PF13715.7
Aq_sp_Aq135_01956,PF14322.7
Aq_sp_Aq135_01957,PF12867.8
Aq_sp_Aq135_01958,PF12833.8
Aq_sp_Aq135_01959,PF00144.25
Aq_sp_Aq135_01960,PF00583.26
Aq_sp_Aq135_01961,PF00561.21
Aq_sp_Aq135_01962,PF04542.15
Aq_sp_Aq135_01965,PF13715.7
Aq_sp_Aq135_01968,PF00027.30
Aq_sp_Aq135_01969,PF13424.7
Aq_sp_Aq135_01970,PF00126.28
Aq_sp_Aq135_01971,PF03601.15
Aq_sp_Aq135_01972,PF00106.26
Aq_sp_Aq135_01973,PF00027.30
Aq_sp_Aq135_01974,PF03092.17
Aq_sp_Aq135_01975,GH3
Aq_sp_Aq135_01976,PF03702.15
Aq_sp_Aq135_01977,PF13238.7
Aq_sp_Aq135_01978,PF04977.16
Aq_sp_Aq135_01979,PF01642.23
Aq_sp_Aq135_01982,PF02310.20
Aq_sp_Aq135_01983,PF13715.7
Aq_sp_Aq135_01984,PF00106.26
Aq_sp_Aq135_01985,PF13614.7
Aq_sp_Aq135_01986,PF17762.2
Aq_sp_Aq135_01987,PF18935.1
Aq_sp_Aq135_01988,PF05173.15
Aq_sp_Aq135_01989,PF18936.1
Aq_sp_Aq135_01990,PF08889.12
Aq_sp_Aq135_01992,PF01966.23
Aq_sp_Aq135_01993,PF04493.15
Aq_sp_Aq135_01994,PF03372.24
Aq_sp_Aq135_01995,PF01694.23
Aq_sp_Aq135_01996,PF01694.23
Aq_sp_Aq135_01997,PF01119.20
Aq_sp_Aq135_01998,PF00885.20
Aq_sp_Aq135_01999,PF00515.29
Aq_sp_Aq135_02000,PF13175.7
Aq_sp_Aq135_02002,PF05258.13
Aq_sp_Aq135_02003,PF13715.7
Aq_sp_Aq135_02004,PF12741.8
Aq_sp_Aq135_02005,PF00334.20
Aq_sp_Aq135_02006,PF01368.21
Aq_sp_Aq135_02007,PF00254.29
Aq_sp_Aq135_02008,PF00254.29
Aq_sp_Aq135_02009,PF11751.9
Aq_sp_Aq135_02010,PF13585.7
Aq_sp_Aq135_02011,PF04717.13
Aq_sp_Aq135_02013,PF14107.7
Aq_sp_Aq135_02014,PF13620.7
Aq_sp_Aq135_02024,PF05257.17
Aq_sp_Aq135_02025,PF00583.26
Aq_sp_Aq135_02027,PF01979.21
Aq_sp_Aq135_02028,PF05013.13
Aq_sp_Aq135_02029,PF05962.12
Aq_sp_Aq135_02030,PF01175.19
Aq_sp_Aq135_02031,PF01979.21
Aq_sp_Aq135_02032,PF00221.20
Aq_sp_Aq135_02033,PF00126.28
Aq_sp_Aq135_02034,PF07366.13
Aq_sp_Aq135_02035,PF00875.19
Aq_sp_Aq135_02036,PF00106.26
Aq_sp_Aq135_02037,COG4276
Aq_sp_Aq135_02039,PF00230.21
Aq_sp_Aq135_02040,PF11138.9
Aq_sp_Aq135_02041,PF00795.23
Aq_sp_Aq135_02043,PF01408.23
Aq_sp_Aq135_02044,PF00474.18
Aq_sp_Aq135_02045,PF02585.18
Aq_sp_Aq135_02046,PF00488.22
Aq_sp_Aq135_02047,PF03167.20
Aq_sp_Aq135_02048,PF09084.12
Aq_sp_Aq135_02049,PF00691.21
Aq_sp_Aq135_02050,GT2
Aq_sp_Aq135_02051,PF04313.15
Aq_sp_Aq135_02052,PF06144.14
Aq_sp_Aq135_02053,PF04717.13
Aq_sp_Aq135_02055,PF15648.7
Aq_sp_Aq135_02059,PF00805.23
Aq_sp_Aq135_02062,COG2849
Aq_sp_Aq135_02063,PF01037.22
Aq_sp_Aq135_02064,PF00155.22
Aq_sp_Aq135_02065,PF09917.10
Aq_sp_Aq135_02066,PF18962.1
Aq_sp_Aq135_02067,PF10415.10
Aq_sp_Aq135_02068,PF13715.7
Aq_sp_Aq135_02069,PF03960.16
Aq_sp_Aq135_02070,PF03462.19
Aq_sp_Aq135_02071,PF16313.6
Aq_sp_Aq135_02072,PF13455.7
Aq_sp_Aq135_02073,PF12894.8
Aq_sp_Aq135_02074,PF12833.8
Aq_sp_Aq135_02075,PF00144.25
Aq_sp_Aq135_02077,PF00027.30
Aq_sp_Aq135_02080,PF05147.14
Aq_sp_Aq135_02081,PF01212.22
Aq_sp_Aq135_02082,PF07411.13
Aq_sp_Aq135_02083,PF00691.21
Aq_sp_Aq135_02084,PF13098.7
Aq_sp_Aq135_02085,PF02575.17
Aq_sp_Aq135_02086,PF00326.22
Aq_sp_Aq135_02087,PF00291.26
Aq_sp_Aq135_02088,PF00155.22
Aq_sp_Aq135_02090,PF00583.26
Aq_sp_Aq135_02091,PF13557.7
Aq_sp_Aq135_02092,PF16118.6
Aq_sp_Aq135_02093,PF09586.11
Aq_sp_Aq135_02094,GT4
Aq_sp_Aq135_02095,PF01943.18
Aq_sp_Aq135_02098,PF12833.8
Aq_sp_Aq135_02099,PF12895.8
Aq_sp_Aq135_02100,PF12770.8
Aq_sp_Aq135_02102,PF13174.7
Aq_sp_Aq135_02103,PF12770.8
Aq_sp_Aq135_02105,PF00578.22
Aq_sp_Aq135_02106,PF13191.7
Aq_sp_Aq135_02107,PF07638.12
Aq_sp_Aq135_02108,PF00730.26
Aq_sp_Aq135_02109,PF00578.22
Aq_sp_Aq135_02110,PF00085.21
Aq_sp_Aq135_02112,PF00753.28
Aq_sp_Aq135_02115,PF13715.7
Aq_sp_Aq135_02116,PF13229.7
Aq_sp_Aq135_02117,PF14099.7
Aq_sp_Aq135_02118,PF13229.7
Aq_sp_Aq135_02120,PF14099.7
Aq_sp_Aq135_02122,PF03009.18
Aq_sp_Aq135_02123,GH31
Aq_sp_Aq135_02125,PF08818.12
Aq_sp_Aq135_02126,PF00561.21
Aq_sp_Aq135_02127,PF03411.14
Aq_sp_Aq135_02129,PF01979.21
Aq_sp_Aq135_02130,PF07584.12
Aq_sp_Aq135_02131,PF13505.7
Aq_sp_Aq135_02132,PF01266.25
Aq_sp_Aq135_02133,PF01590.27
Aq_sp_Aq135_02134,PF01042.22
Aq_sp_Aq135_02135,COG1452
Aq_sp_Aq135_02136,PF01520.19
Aq_sp_Aq135_02137,PF02470.21
Aq_sp_Aq135_02138,PF00037.28
Aq_sp_Aq135_02139,PF03767.15
Aq_sp_Aq135_02140,PF02754.17
Aq_sp_Aq135_02142,GH3
Aq_sp_Aq135_02143,PF00248.22
Aq_sp_Aq135_02145,PF03602.16
Aq_sp_Aq135_02146,PF12864.8
Aq_sp_Aq135_02148,PF13245.7
Aq_sp_Aq135_02149,PF02348.20
Aq_sp_Aq135_02150,PF01553.22
Aq_sp_Aq135_02152,PF00070.28
Aq_sp_Aq135_02153,PF01709.21
Aq_sp_Aq135_02154,PF01329.20
Aq_sp_Aq135_02156,PF02545.15
Aq_sp_Aq135_02157,PF01040.19
Aq_sp_Aq135_02158,PF02518.27
Aq_sp_Aq135_02159,PF00072.25
Aq_sp_Aq135_02161,PF02590.18
Aq_sp_Aq135_02162,PF01729.20
Aq_sp_Aq135_02163,PF03631.16
Aq_sp_Aq135_02164,PF16036.6
Aq_sp_Aq135_02165,PF16036.6
Aq_sp_Aq135_02166,PF09917.10
Aq_sp_Aq135_02167,PF16036.6
Aq_sp_Aq135_02168,PF11958.9
Aq_sp_Aq135_02169,PF00270.30
Aq_sp_Aq135_02170,PF04397.16
Aq_sp_Aq135_02171,PF01250.18
Aq_sp_Aq135_02172,PF01084.21
Aq_sp_Aq135_02173,PF03948.15
Aq_sp_Aq135_02174,PF13715.7
Aq_sp_Aq135_02175,PF07687.15
Aq_sp_Aq135_02177,PF02687.22
Aq_sp_Aq135_02178,PF03129.21
Aq_sp_Aq135_02180,PF03150.15
Aq_sp_Aq135_02181,COG3211
Aq_sp_Aq135_02182,PF09674.11
Aq_sp_Aq135_02183,PF12833.8
Aq_sp_Aq135_02184,PF12388.9
Aq_sp_Aq135_02185,PF13304.7
Aq_sp_Aq135_02186,GCBM9
Aq_sp_Aq135_02187,PF01625.22
Aq_sp_Aq135_02188,PF01227.23
Aq_sp_Aq135_02195,PF06078.12
Aq_sp_Aq135_02196,PF00389.31
Aq_sp_Aq135_02197,PF00266.20
Aq_sp_Aq135_02198,PF05893.15
Aq_sp_Aq135_02199,PF00037.28
Aq_sp_Aq135_02200,PF13505.7
Aq_sp_Aq135_02202,GH13_19
Aq_sp_Aq135_02203,PF01040.19
Aq_sp_Aq135_02204,PF00753.28
Aq_sp_Aq135_02205,PF13378.7
Aq_sp_Aq135_02206,PF02517.17
Aq_sp_Aq135_02207,PF00501.29
Aq_sp_Aq135_02208,PF13715.7
Aq_sp_Aq135_02210,PF01039.23
Aq_sp_Aq135_02211,PF13648.7
Aq_sp_Aq135_02212,PF13173.7
Aq_sp_Aq135_02213,PF12689.8
Aq_sp_Aq135_02214,PF00266.20
Aq_sp_Aq135_02215,PF00849.23
Aq_sp_Aq135_02216,PF12706.8
Aq_sp_Aq135_02217,PF01925.20
Aq_sp_Aq135_02218,PF01740.22
Aq_sp_Aq135_02219,PF13715.7
Aq_sp_Aq135_02220,PF12844.8
Aq_sp_Aq135_02221,PF13657.7
Aq_sp_Aq135_02222,PF00892.21
Aq_sp_Aq135_02225,PF02826.20
Aq_sp_Aq135_02226,PF02367.18
Aq_sp_Aq135_02227,PF08665.13
Aq_sp_Aq135_02228,PF01966.23
Aq_sp_Aq135_02229,PF00132.25
Aq_sp_Aq135_02230,GCE11
Aq_sp_Aq135_02231,PF13720.7
Aq_sp_Aq135_02232,PF01132.21
Aq_sp_Aq135_02233,PF00132.25
Aq_sp_Aq135_02234,PF07366.13
Aq_sp_Aq135_02235,PF02629.20
Aq_sp_Aq135_02236,PF00675.21
Aq_sp_Aq135_02237,PF00106.26
Aq_sp_Aq135_02239,PF01145.26
Aq_sp_Aq135_02240,PF02566.20
Aq_sp_Aq135_02241,PF00022.20
Aq_sp_Aq135_02242,PF13238.7
Aq_sp_Aq135_02244,PF01476.21
Aq_sp_Aq135_02245,PF01416.21
Aq_sp_Aq135_02246,PF03473.18
Aq_sp_Aq135_02247,PF01263.21
Aq_sp_Aq135_02248,PF00270.30
Aq_sp_Aq135_02249,PF13175.7
Aq_sp_Aq135_02250,PF00291.26
Aq_sp_Aq135_02251,PF00132.25
Aq_sp_Aq135_02252,PF00571.29
Aq_sp_Aq135_02253,PF09365.11
Aq_sp_Aq135_02254,PF00106.26
Aq_sp_Aq135_02255,PF00106.26
Aq_sp_Aq135_02256,PF00440.24
Aq_sp_Aq135_02257,PF00583.26
Aq_sp_Aq135_02258,PF00877.20
Aq_sp_Aq135_02259,PF00109.27
Aq_sp_Aq135_02260,PF07698.12
Aq_sp_Aq135_02261,PF17642.2
Aq_sp_Aq135_02265,PF12823.8
Aq_sp_Aq135_02266,PF00924.19
Aq_sp_Aq135_02267,PF13715.7
Aq_sp_Aq135_02268,PF13715.7
Aq_sp_Aq135_02270,PF02421.19
Aq_sp_Aq135_02271,PF00892.21
Aq_sp_Aq135_02272,PF02518.27
Aq_sp_Aq135_02273,PF02129.19
Aq_sp_Aq135_02274,PF00561.21
Aq_sp_Aq135_02275,PF05299.13
Aq_sp_Aq135_02278,PF00999.22
Aq_sp_Aq135_02279,PF00582.27
Aq_sp_Aq135_02280,PF00916.21
Aq_sp_Aq135_02281,PF00753.28
Aq_sp_Aq135_02282,PF00082.23
Aq_sp_Aq135_02283,PF01433.21
Aq_sp_Aq135_02284,PF00825.19
Aq_sp_Aq135_02285,PF00595.25
Aq_sp_Aq135_02286,PF00583.26
Aq_sp_Aq135_02287,PF00583.26
Aq_sp_Aq135_02288,PF01545.22
Aq_sp_Aq135_02289,PF02502.19
Aq_sp_Aq135_02290,PF17876.2
Aq_sp_Aq135_02291,PF10988.9
Aq_sp_Aq135_02292,PF01810.19
Aq_sp_Aq135_02293,PF02152.19
Aq_sp_Aq135_02294,PF00749.22
Aq_sp_Aq135_02296,PF01145.26
Aq_sp_Aq135_02297,PF00749.22
Aq_sp_Aq135_02298,PF13779.7
Aq_sp_Aq135_02299,PF02130.18
Aq_sp_Aq135_02300,PF12831.8
Aq_sp_Aq135_02303,PF08241.13
Aq_sp_Aq135_02304,PF03938.15
Aq_sp_Aq135_02305,PF13585.7
Aq_sp_Aq135_02306,PF11751.9
Aq_sp_Aq135_02307,PF06832.13
Aq_sp_Aq135_02308,PF11751.9
Aq_sp_Aq135_02310,PF15648.7
Aq_sp_Aq135_02311,PF19078.1
Aq_sp_Aq135_02312,PF11751.9
Aq_sp_Aq135_02313,PF02687.22
Aq_sp_Aq135_02314,PF01808.19
Aq_sp_Aq135_02315,PF00022.20
Aq_sp_Aq135_02316,PF04085.15
Aq_sp_Aq135_02318,PF03717.16
Aq_sp_Aq135_02319,PF01098.20
Aq_sp_Aq135_02320,PF01223.24
Aq_sp_Aq135_02321,PF13462.7
Aq_sp_Aq135_02322,PF00528.23
Aq_sp_Aq135_02323,PF11818.9
Aq_sp_Aq135_02324,PF01975.18
Aq_sp_Aq135_02326,GT19
Aq_sp_Aq135_02327,PF02518.27
Aq_sp_Aq135_02328,PF00877.20
Aq_sp_Aq135_02329,PF03772.17
Aq_sp_Aq135_02330,PF00144.25
Aq_sp_Aq135_02331,PF00085.21
Aq_sp_Aq135_02332,PF07690.17
Aq_sp_Aq135_02333,PF07690.17
Aq_sp_Aq135_02334,PF00930.22
Aq_sp_Aq135_02335,PF00368.19
Aq_sp_Aq135_02336,COG1577
Aq_sp_Aq135_02337,PF07661.14
Aq_sp_Aq135_02338,PF12770.8
Aq_sp_Aq135_02339,PF00198.24
Aq_sp_Aq135_02340,PF16078.6
Aq_sp_Aq135_02341,PF13505.7
Aq_sp_Aq135_02344,PF00348.18
Aq_sp_Aq135_02345,PF00440.24
Aq_sp_Aq135_02346,PF02321.19
Aq_sp_Aq135_02347,PF00364.23
Aq_sp_Aq135_02348,PF00873.20
Aq_sp_Aq135_02349,PF08818.12
Aq_sp_Aq135_02352,PF11066.9
Aq_sp_Aq135_02353,PF13308.7
Aq_sp_Aq135_02354,PF00126.28
Aq_sp_Aq135_02358,PF03160.15
Aq_sp_Aq135_02359,PF13585.7
Aq_sp_Aq135_02361,PF00574.24
Aq_sp_Aq135_02362,PF02557.18
Aq_sp_Aq135_02363,PF00188.27
Aq_sp_Aq135_02364,PF01435.19
Aq_sp_Aq135_02365,PF00023.31
Aq_sp_Aq135_02366,PF00023.31
Aq_sp_Aq135_02367,PF06415.14
Aq_sp_Aq135_02368,PF00085.21
Aq_sp_Aq135_02369,PF00557.25
Aq_sp_Aq135_02370,PF08241.13
Aq_sp_Aq135_02371,PF12770.8
Aq_sp_Aq135_02372,PF02424.16
Aq_sp_Aq135_02374,PF16138.6
Aq_sp_Aq135_02375,PF00970.25
Aq_sp_Aq135_02376,PF02508.15
Aq_sp_Aq135_02377,PF02508.15
Aq_sp_Aq135_02378,PF04205.15
Aq_sp_Aq135_02379,PF03116.16
Aq_sp_Aq135_02380,PF05896.12
Aq_sp_Aq135_02381,PF17116.6
Aq_sp_Aq135_02382,PF12412.9
Aq_sp_Aq135_02383,PF04379.15
Aq_sp_Aq135_02385,PF05742.13
Aq_sp_Aq135_02386,PF00171.23
Aq_sp_Aq135_02387,PF00583.26
Aq_sp_Aq135_02388,PF02527.16
Aq_sp_Aq135_02389,PF00487.25
Aq_sp_Aq135_02390,PF00155.22
Aq_sp_Aq135_02392,PF02386.17
Aq_sp_Aq135_02393,PF13241.7
Aq_sp_Aq135_02394,PF08241.13
Aq_sp_Aq135_02395,PF13568.7
Aq_sp_Aq135_02396,PF00588.20
Aq_sp_Aq135_02397,PF01103.24
Aq_sp_Aq135_02398,PF01116.21
Aq_sp_Aq135_02399,PF01039.23
Aq_sp_Aq135_02400,PF00583.26
Aq_sp_Aq135_02401,PF00312.23
Aq_sp_Aq135_02402,PF00013.30
Aq_sp_Aq135_02406,PF13304.7
Aq_sp_Aq135_02407,PF12679.8
Aq_sp_Aq135_02408,PF00270.30
Aq_sp_Aq135_02409,PF02962.16
Aq_sp_Aq135_02410,PF01638.18
Aq_sp_Aq135_02411,PF02525.18
Aq_sp_Aq135_02412,PF13715.7
Aq_sp_Aq135_02413,PF06580.14
Aq_sp_Aq135_02414,PF04397.16
Aq_sp_Aq135_02415,PF01145.26
Aq_sp_Aq135_02416,PF17886.2
Aq_sp_Aq135_02417,PF05099.14
Aq_sp_Aq135_02418,PF07308.14
Aq_sp_Aq135_02419,PF13847.7
Aq_sp_Aq135_02421,PF06172.12
Aq_sp_Aq135_02422,PF08442.11
Aq_sp_Aq135_02423,PF02190.17
Aq_sp_Aq135_02424,PF02784.17
Aq_sp_Aq135_02426,PF01476.21
Aq_sp_Aq135_02427,PF00117.29
Aq_sp_Aq135_02428,PF01243.21
Aq_sp_Aq135_02429,PF10079.10
Aq_sp_Aq135_02430,PF00246.25
Aq_sp_Aq135_02431,PF01432.21
Aq_sp_Aq135_02432,PF02525.18
Aq_sp_Aq135_02433,PF01638.18
Aq_sp_Aq135_02435,PF08239.12
Aq_sp_Aq135_02439,PF12833.8
Aq_sp_Aq135_02440,PF13308.7
Aq_sp_Aq135_02441,PF00578.22
Aq_sp_Aq135_02442,PF01638.18
Aq_sp_Aq135_02445,PF12679.8
Aq_sp_Aq135_02446,PF12679.8
Aq_sp_Aq135_02447,PF13175.7
Aq_sp_Aq135_02449,PF01381.23
Aq_sp_Aq135_02453,PF13177.7
Aq_sp_Aq135_02454,PF00162.20
Aq_sp_Aq135_02455,GCBM50+GH23
Aq_sp_Aq135_02456,PF16125.6
Aq_sp_Aq135_02459,PF17642.2
Aq_sp_Aq135_02460,PF12836.8
Aq_sp_Aq135_02461,PF02416.17
Aq_sp_Aq135_02462,PF01551.23
Aq_sp_Aq135_02463,PF03321.14
Aq_sp_Aq135_02466,PF01238.22
Aq_sp_Aq135_02467,PF01073.20
Aq_sp_Aq135_02468,PF00483.24
Aq_sp_Aq135_02469,PF00908.18
Aq_sp_Aq135_02470,PF01370.22
Aq_sp_Aq135_02471,PF01380.23
Aq_sp_Aq135_02472,PF01113.21
Aq_sp_Aq135_02473,PF00389.31
Aq_sp_Aq135_02474,PF00106.26
Aq_sp_Aq135_02475,PF01761.21
Aq_sp_Aq135_02476,PF04074.13
Aq_sp_Aq135_02477,PF02348.20
Aq_sp_Aq135_02478,PF00483.24
Aq_sp_Aq135_02479,PF01073.20
Aq_sp_Aq135_02480,PF01212.22
Aq_sp_Aq135_02481,PF00908.18
Aq_sp_Aq135_02482,PF01073.20
Aq_sp_Aq135_02483,PF00535.27
Aq_sp_Aq135_02484,COG2244
Aq_sp_Aq135_02485,PF01182.21
Aq_sp_Aq135_02487,PF01973.19
Aq_sp_Aq135_02488,PF03808.14
Aq_sp_Aq135_02489,PF04932.16
Aq_sp_Aq135_02490,PF00953.22
Aq_sp_Aq135_02491,PF03807.18
Aq_sp_Aq135_02492,PF01073.20
Aq_sp_Aq135_02493,PF04932.16
Aq_sp_Aq135_02494,PF02655.15
Aq_sp_Aq135_02496,PF14063.7
Aq_sp_Aq135_02497,GT9
Aq_sp_Aq135_02499,PF12844.8
Aq_sp_Aq135_02501,PF02012.21
Aq_sp_Aq135_02502,PF00440.24
Aq_sp_Aq135_02503,PF02311.20
Aq_sp_Aq135_02504,PF06170.13
Aq_sp_Aq135_02505,PF12833.8
Aq_sp_Aq135_02506,PF00857.21
Aq_sp_Aq135_02507,PF09413.11
Aq_sp_Aq135_02509,PF07313.13
Aq_sp_Aq135_02510,PF00180.21
Aq_sp_Aq135_02511,PF00694.20
Aq_sp_Aq135_02512,PF00330.21
Aq_sp_Aq135_02513,PF00682.20
Aq_sp_Aq135_02515,PF00892.21
Aq_sp_Aq135_02517,PF00849.23
Aq_sp_Aq135_02519,PF02548.16
Aq_sp_Aq135_02521,PF03313.16
Aq_sp_Aq135_02522,PF14450.7
Aq_sp_Aq135_02523,PF00583.26
Aq_sp_Aq135_02524,PF01019.22
Aq_sp_Aq135_02525,PF04336.13
Aq_sp_Aq135_02526,PF01731.21
Aq_sp_Aq135_02527,PF02878.17
Aq_sp_Aq135_02529,PF03279.14
Aq_sp_Aq135_02530,PF03279.14
Aq_sp_Aq135_02531,PF03279.14
Aq_sp_Aq135_02532,PF01694.23
Aq_sp_Aq135_02533,PF00578.22
Aq_sp_Aq135_02536,PF00144.25
Aq_sp_Aq135_02537,PF14903.7
Aq_sp_Aq135_02538,PF00027.30
Aq_sp_Aq135_02540,PF00756.21
Aq_sp_Aq135_02541,PF01810.19
Aq_sp_Aq135_02544,PF14107.7
Aq_sp_Aq135_02545,PF12072.9
Aq_sp_Aq135_02547,PF03968.15
Aq_sp_Aq135_02548,PF00202.22
Aq_sp_Aq135_02549,PF12895.8
Aq_sp_Aq135_02550,PF04018.14
Aq_sp_Aq135_02551,PF04018.14
Aq_sp_Aq135_02552,PF08501.12
Aq_sp_Aq135_02553,PF03993.13
Aq_sp_Aq135_02554,PF08242.13
Aq_sp_Aq135_02555,PF14322.7
Aq_sp_Aq135_02556,PF13715.7
Aq_sp_Aq135_02557,PF12833.8
Aq_sp_Aq135_02558,PF12833.8
Aq_sp_Aq135_02559,PF03819.18
Aq_sp_Aq135_02560,PF01207.18
Aq_sp_Aq135_02561,PF00733.22
Aq_sp_Aq135_02562,PF07661.14
Aq_sp_Aq135_02563,PF02096.21
Aq_sp_Aq135_02564,PF06418.15
Aq_sp_Aq135_02565,PF18347.2
Aq_sp_Aq135_02566,PF01327.22
Aq_sp_Aq135_02567,PF03652.16
Aq_sp_Aq135_02568,PF00132.25
Aq_sp_Aq135_02569,GT9
Aq_sp_Aq135_02570,PF00535.27
Aq_sp_Aq135_02572,GT2_Glycos_transf_2
Aq_sp_Aq135_02574,PF04572.13
Aq_sp_Aq135_02575,PF01300.19
Aq_sp_Aq135_02576,PF01966.23
Aq_sp_Aq135_02577,PF02628.16
Aq_sp_Aq135_02578,PF07929.12
Aq_sp_Aq135_02579,PF04245.14
Aq_sp_Aq135_02580,PF03903.14
Aq_sp_Aq135_02581,PF03235.15
Aq_sp_Aq135_02582,PF18160.2
Aq_sp_Aq135_02583,PF09848.10
Aq_sp_Aq135_02584,PF08761.12
Aq_sp_Aq135_02585,PF08592.12
Aq_sp_Aq135_02586,PF01073.20
Aq_sp_Aq135_02587,PF12833.8
Aq_sp_Aq135_02588,PF01042.22
Aq_sp_Aq135_02589,PF02525.18
Aq_sp_Aq135_02590,PF00126.28
Aq_sp_Aq135_02591,PF13229.7
Aq_sp_Aq135_02593,PF00403.27
Aq_sp_Aq135_02594,PF13549.7
Aq_sp_Aq135_02595,PF02082.21
Aq_sp_Aq135_02596,PF02445.17
Aq_sp_Aq135_02597,PF00890.25
Aq_sp_Aq135_02598,PF14595.7
Aq_sp_Aq135_02599,PF13715.7
Aq_sp_Aq135_02600,PF00912.23
Aq_sp_Aq135_02604,PF01578.21
Aq_sp_Aq135_02605,PF14522.7
Aq_sp_Aq135_02606,PF03264.15
Aq_sp_Aq135_02607,PF01814.24
Aq_sp_Aq135_02608,PF03916.15
Aq_sp_Aq135_02609,PF00037.28
Aq_sp_Aq135_02610,PF14522.7
Aq_sp_Aq135_02611,PF14522.7
Aq_sp_Aq135_02612,PF00384.23
Aq_sp_Aq135_02614,PF13372.7
Aq_sp_Aq135_02615,PF00034.22
Aq_sp_Aq135_02617,PF01965.25
Aq_sp_Aq135_02618,PF00144.25
Aq_sp_Aq135_02619,PF03976.15
Aq_sp_Aq135_02620,PF03976.15
Aq_sp_Aq135_02621,PF00291.26
Aq_sp_Aq135_02622,PF00583.26
Aq_sp_Aq135_02623,PF00581.21
Aq_sp_Aq135_02624,PF00126.28
Aq_sp_Aq135_02625,PF00204.26
Aq_sp_Aq135_02626,PF01435.19
Aq_sp_Aq135_02627,PF00521.21
Aq_sp_Aq135_02628,PF00924.19
Aq_sp_Aq135_02629,PF03831.15
Aq_sp_Aq135_02630,PF04116.14
Aq_sp_Aq135_02631,PF01810.19
Aq_sp_Aq135_02633,PF01381.23
Aq_sp_Aq135_02634,PF00246.25
Aq_sp_Aq135_02635,PF01037.22
Aq_sp_Aq135_02636,PF00311.18
Aq_sp_Aq135_02637,PF12867.8
Aq_sp_Aq135_02640,PF16410.6
Aq_sp_Aq135_02641,PF02230.17
Aq_sp_Aq135_02642,PF03061.23
Aq_sp_Aq135_02643,PF00425.19
Aq_sp_Aq135_02644,PF02775.22
Aq_sp_Aq135_02645,PF11015.9
Aq_sp_Aq135_02646,PF17783.2
Aq_sp_Aq135_02647,PF00210.25
Aq_sp_Aq135_02649,PF18417.2
Aq_sp_Aq135_02650,PF01494.20
Aq_sp_Aq135_02651,PF00378.21
Aq_sp_Aq135_02653,PF00676.21
Aq_sp_Aq135_02655,PF18306.2
Aq_sp_Aq135_02656,PF13173.7
Aq_sp_Aq135_02657,PF18962.1
Aq_sp_Aq135_02659,PF01761.21
Aq_sp_Aq135_02660,PF01619.19
Aq_sp_Aq135_02661,PF02517.17
Aq_sp_Aq135_02662,PF04226.14
Aq_sp_Aq135_02663,PF03880.16
Aq_sp_Aq135_02664,PF02581.18
Aq_sp_Aq135_02665,PF00270.30
Aq_sp_Aq135_02666,COG3349
Aq_sp_Aq135_02668,PF07696.12
Aq_sp_Aq135_02669,PF00041.22
Aq_sp_Aq135_02671,PF16925.6
Aq_sp_Aq135_02672,PF00977.22
Aq_sp_Aq135_02673,PF00578.22
Aq_sp_Aq135_02675,PF01551.23
Aq_sp_Aq135_02677,PF14501.7
Aq_sp_Aq135_02678,PF04397.16
Aq_sp_Aq135_02679,PF17032.6
Aq_sp_Aq135_02680,PF04397.16
Aq_sp_Aq135_02681,PF06580.14
Aq_sp_Aq135_02682,PF00756.21
Aq_sp_Aq135_02683,PF00144.25
Aq_sp_Aq135_02684,PF00144.25
Aq_sp_Aq135_02686,PF01757.23
Aq_sp_Aq135_02687,PF10988.9
Aq_sp_Aq135_02688,PF00072.25
Aq_sp_Aq135_02691,PF13385.7
Aq_sp_Aq135_02692,PF06580.14
Aq_sp_Aq135_02693,PF04397.16
Aq_sp_Aq135_02694,PF03572.19
Aq_sp_Aq135_02698,PF12679.8
Aq_sp_Aq135_02699,PF12679.8
Aq_sp_Aq135_02700,PF13715.7
Aq_sp_Aq135_02701,PF13304.7
Aq_sp_Aq135_02702,PF03693.15
Aq_sp_Aq135_02703,PF05016.16
Aq_sp_Aq135_02705,PF07693.15
Aq_sp_Aq135_02706,PF12844.8
Aq_sp_Aq135_02708,PF00753.28
Aq_sp_Aq135_02709,PF00078.28
Aq_sp_Aq135_02710,PF00476.21
Aq_sp_Aq135_02711,PF14059.7
Aq_sp_Aq135_02713,PF07690.17
Aq_sp_Aq135_02714,PF04264.14
Aq_sp_Aq135_02715,PF01261.25
Aq_sp_Aq135_02716,PF01648.21
Aq_sp_Aq135_02717,K02078
Aq_sp_Aq135_02718,PF00109.27
Aq_sp_Aq135_02719,PF07977.14
Aq_sp_Aq135_02721,PF00106.26
Aq_sp_Aq135_02722,PF08545.11
Aq_sp_Aq135_02723,PF08241.13
Aq_sp_Aq135_02724,PF01266.25
Aq_sp_Aq135_02725,PF13488.7
Aq_sp_Aq135_02726,PF13648.7
Aq_sp_Aq135_02727,PF11700.9
Aq_sp_Aq135_02728,PF01435.19
Aq_sp_Aq135_02729,GH31
Aq_sp_Aq135_02730,GCBM48+GH13_9
Aq_sp_Aq135_02731,PF00483.24
Aq_sp_Aq135_02732,GT5
Aq_sp_Aq135_02733,PF08713.12
Aq_sp_Aq135_02735,PF08279.13
Aq_sp_Aq135_02736,PF00999.22
Aq_sp_Aq135_02737,PF07992.15
Aq_sp_Aq135_02739,PF08239.12
Aq_sp_Aq135_02741,PF04116.14
Aq_sp_Aq135_02742,PF01243.21
Aq_sp_Aq135_02743,PF12900.8
Aq_sp_Aq135_02744,PF00155.22
Aq_sp_Aq135_02745,PF10990.9
Aq_sp_Aq135_02746,PF00805.23
Aq_sp_Aq135_02747,PF00903.26
Aq_sp_Aq135_02748,PF00313.23
Aq_sp_Aq135_02749,PF13229.7
Aq_sp_Aq135_02750,PF00892.21
Aq_sp_Aq135_02751,PF02253.16
Aq_sp_Aq135_02753,PF00106.26
Aq_sp_Aq135_02754,PF13372.7
Aq_sp_Aq135_02755,PF00023.31
Aq_sp_Aq135_02756,PF01062.22
Aq_sp_Aq135_02757,PF01062.22
Aq_sp_Aq135_02758,PF00326.22
Aq_sp_Aq135_02761,PF18127.2
Aq_sp_Aq135_02764,PF00149.29
Aq_sp_Aq135_02765,PF01885.17
Aq_sp_Aq135_02766,PF13640.7
Aq_sp_Aq135_02767,PF01661.22
Aq_sp_Aq135_02768,PF14124.7
Aq_sp_Aq135_02769,PF10021.10
Aq_sp_Aq135_02770,PF08719.12
Aq_sp_Aq135_02771,PF15891.6
Aq_sp_Aq135_02772,PF00156.28
Aq_sp_Aq135_02773,PF12072.9
Aq_sp_Aq135_02774,PF00293.29
Aq_sp_Aq135_02775,PF01168.21
Aq_sp_Aq135_02776,PF00004.30
Aq_sp_Aq135_02777,PF00155.22
Aq_sp_Aq135_02778,PF12802.8
Aq_sp_Aq135_02780,PF11534.9
Aq_sp_Aq135_02783,PF00023.31
Aq_sp_Aq135_02784,PF00199.20
Aq_sp_Aq135_02785,PF16473.6
Aq_sp_Aq135_02787,PF00515.29
Aq_sp_Aq135_02788,PF00472.21
Aq_sp_Aq135_02789,PF01139.18
Aq_sp_Aq135_02791,PF05971.13
Aq_sp_Aq135_02792,PF00270.30
Aq_sp_Aq135_02793,PF13533.7
Aq_sp_Aq135_02794,PF03929.17
Aq_sp_Aq135_02795,PF00403.27
Aq_sp_Aq135_02796,PF11827.9
Aq_sp_Aq135_02797,PF02321.19
Aq_sp_Aq135_02798,PF00873.20
Aq_sp_Aq135_02800,PF08242.13
Aq_sp_Aq135_02803,PF13620.7
Aq_sp_Aq135_02804,PF02311.20
Aq_sp_Aq135_02805,PF04116.14
Aq_sp_Aq135_02806,PF08327.12
Aq_sp_Aq135_02807,PF08279.13
Aq_sp_Aq135_02810,PF02518.27
Aq_sp_Aq135_02811,PF01476.21
Aq_sp_Aq135_02812,PF00691.21
Aq_sp_Aq135_02813,PF03602.16
Aq_sp_Aq135_02814,PF12840.8
Aq_sp_Aq135_02815,PF00106.26
Aq_sp_Aq135_02816,PF02567.17
Aq_sp_Aq135_02817,PF00270.30
Aq_sp_Aq135_02818,PF00561.21
Aq_sp_Aq135_02819,PF01641.19
Aq_sp_Aq135_02820,PF01641.19
Aq_sp_Aq135_02822,PF01266.25
Aq_sp_Aq135_02823,PF01220.20
Aq_sp_Aq135_02824,PF13505.7
Aq_sp_Aq135_02825,PF13505.7
Aq_sp_Aq135_02826,PF00589.23
Aq_sp_Aq135_02827,PF10099.10
Aq_sp_Aq135_02828,PF01256.18
Aq_sp_Aq135_02829,PF00696.29
Aq_sp_Aq135_02830,PF08544.14
Aq_sp_Aq135_02831,PF00291.26
Aq_sp_Aq135_02832,PF04389.18
Aq_sp_Aq135_02834,PF00293.29
Aq_sp_Aq135_02836,PF01571.22
Aq_sp_Aq135_02837,PF01370.22
Aq_sp_Aq135_02838,PF04134.13
Aq_sp_Aq135_02839,PF13715.7
Aq_sp_Aq135_02841,PF00266.20
Aq_sp_Aq135_02842,PF00126.28
Aq_sp_Aq135_02843,PF00375.19
Aq_sp_Aq135_02844,PF01264.22
Aq_sp_Aq135_02845,PF00149.29
Aq_sp_Aq135_02846,COG2908
Aq_sp_Aq135_02847,PF02913.20
Aq_sp_Aq135_02848,PF01037.22
Aq_sp_Aq135_02849,PF07063.14
Aq_sp_Aq135_02850,PF13505.7
Aq_sp_Aq135_02852,PF10106.10
Aq_sp_Aq135_02853,PF15523.7
Aq_sp_Aq135_02856,PF14107.7
Aq_sp_Aq135_02857,PF00691.21
Aq_sp_Aq135_02862,PF09994.10
Aq_sp_Aq135_02863,PF11153.9
Aq_sp_Aq135_02866,GT4
Aq_sp_Aq135_02867,PF00004.30
Aq_sp_Aq135_02868,PF06175.12
Aq_sp_Aq135_02869,PF04231.14
Aq_sp_Aq135_02870,PF00871.18
Aq_sp_Aq135_02871,PF13500.7
Aq_sp_Aq135_02872,PF13505.7
Aq_sp_Aq135_02875,PF14526.7
Aq_sp_Aq135_02876,PF07786.13
Aq_sp_Aq135_02877,PF12895.8
Aq_sp_Aq135_02878,PF00578.22
Aq_sp_Aq135_02879,PF03483.18
Aq_sp_Aq135_02890,PF00155.22
Aq_sp_Aq135_02891,PF10977.9
Aq_sp_Aq135_02892,PF03321.14
Aq_sp_Aq135_02894,PF00004.30
Aq_sp_Aq135_02895,PF00574.24
Aq_sp_Aq135_02896,PF05698.15
Aq_sp_Aq135_02897,PF04020.14
Aq_sp_Aq135_02898,PF13472.7
Aq_sp_Aq135_02899,PF13505.7
Aq_sp_Aq135_02900,PF00561.21
Aq_sp_Aq135_02901,PF03740.14
Aq_sp_Aq135_02902,PF00571.29
Aq_sp_Aq135_02903,PF01513.22
Aq_sp_Aq135_02905,PF01255.20
Aq_sp_Aq135_02906,PF01103.24
Aq_sp_Aq135_02907,PF03938.15
Aq_sp_Aq135_02908,PF03938.15
Aq_sp_Aq135_02909,PF01177.23
Aq_sp_Aq135_02912,PF04397.16
Aq_sp_Aq135_02913,PF06580.14
Aq_sp_Aq135_02914,PF00092.29
Aq_sp_Aq135_02915,PF17642.2
Aq_sp_Aq135_02917,PF01554.19
Aq_sp_Aq135_02918,PF00762.20
Aq_sp_Aq135_02919,PF12833.8
Aq_sp_Aq135_02920,PF00745.21
Aq_sp_Aq135_02921,PF01379.21
Aq_sp_Aq135_02922,PF02602.16
Aq_sp_Aq135_02923,PF01208.18
Aq_sp_Aq135_02926,PF07264.12
Aq_sp_Aq135_02927,PF01218.19
Aq_sp_Aq135_02931,PF02518.27
Aq_sp_Aq135_02932,PF00004.30
Aq_sp_Aq135_02933,PF02321.19
Aq_sp_Aq135_02934,PF13533.7
Aq_sp_Aq135_02935,PF13304.7
Aq_sp_Aq135_02936,PF02687.22
Aq_sp_Aq135_02937,PF02687.22
Aq_sp_Aq135_02938,PF02687.22
Aq_sp_Aq135_02939,PF13304.7
Aq_sp_Aq135_02940,PF13715.7
Aq_sp_Aq135_02941,PF12799.8
Aq_sp_Aq135_02944,PF00589.23
Aq_sp_Aq135_02946,PF00216.22
Aq_sp_Aq135_02948,PF00041.22
Aq_sp_Aq135_02951,COG3401
Aq_sp_Aq135_02952,PF13895.7
Aq_sp_Aq135_02954,PF00145.18
Aq_sp_Aq135_02955,PF09561.11
Aq_sp_Aq135_02956,PF00144.25
Aq_sp_Aq135_02957,GH25
Aq_sp_Aq135_02959,GH3
Aq_sp_Aq135_02960,PF04545.17
Aq_sp_Aq135_02961,PF16344.6
Aq_sp_Aq135_02962,PF13715.7
Aq_sp_Aq135_02963,PF14322.7
Aq_sp_Aq135_02964,PF01839.24
Aq_sp_Aq135_02965,PF14127.7
Aq_sp_Aq135_02966,PF01546.29
Aq_sp_Aq135_02967,PF16177.6
Aq_sp_Aq135_02968,PF00072.25
Aq_sp_Aq135_02969,PF02518.27
Aq_sp_Aq135_02970,PF00474.18
Aq_sp_Aq135_02971,PF13937.7
Aq_sp_Aq135_02973,PF13384.7
Aq_sp_Aq135_02974,PF00293.29
Aq_sp_Aq135_02975,PF00210.25
Aq_sp_Aq135_02977,PF00149.29
Aq_sp_Aq135_02978,PF18967.1
Aq_sp_Aq135_02979,PF06052.13
Aq_sp_Aq135_02980,PF00144.25
Aq_sp_Aq135_02981,PF12833.8
Aq_sp_Aq135_02984,PF03150.15
Aq_sp_Aq135_02986,PF04397.16
Aq_sp_Aq135_02987,PF00561.21
Aq_sp_Aq135_02988,PF16369.6
Aq_sp_Aq135_02990,PF00211.21
Aq_sp_Aq135_02992,PF08239.12
Aq_sp_Aq135_02996,PF02604.20
Aq_sp_Aq135_02997,PF06769.15
Aq_sp_Aq135_03007,PF08239.12
Aq_sp_Aq135_03008,PF05488.14
Aq_sp_Aq135_03009,PF04717.13
Aq_sp_Aq135_03011,PF00078.28
Aq_sp_Aq135_03013,PF02661.19
Aq_sp_Aq135_03015,PF07366.13
Aq_sp_Aq135_03016,PF08239.12
Aq_sp_Aq135_03017,PF00753.28
Aq_sp_Aq135_03018,PF00560.34
Aq_sp_Aq135_03019,PF12844.8
Aq_sp_Aq135_03021,PF03129.21
Aq_sp_Aq135_03022,PF00707.23
Aq_sp_Aq135_03023,PF00453.19
Aq_sp_Aq135_03024,PF02518.27
Aq_sp_Aq135_03025,PF00588.20
Aq_sp_Aq135_03026,PF01435.19
Aq_sp_Aq135_03027,PF13291.7
Aq_sp_Aq135_03028,PF01475.20
Aq_sp_Aq135_03029,PF00709.22
Aq_sp_Aq135_03030,PF07676.13
Aq_sp_Aq135_03032,PF01546.29
Aq_sp_Aq135_03033,PF12725.8
Aq_sp_Aq135_03036,PF01979.21
Aq_sp_Aq135_03037,PF01979.21
Aq_sp_Aq135_03038,PF14322.7
Aq_sp_Aq135_03039,PF13715.7
Aq_sp_Aq135_03043,PF13644.7
Aq_sp_Aq135_03045,PF13481.7
Aq_sp_Aq135_03046,PF03255.15
Aq_sp_Aq135_03047,PF00892.21
Aq_sp_Aq135_03048,PF03739.15
Aq_sp_Aq135_03049,PF01702.19
Aq_sp_Aq135_03050,PF13292.7
Aq_sp_Aq135_03052,PF02780.21
Aq_sp_Aq135_03053,PF13505.7
Aq_sp_Aq135_03054,COG0545
Aq_sp_Aq135_03055,PF01479.26
Aq_sp_Aq135_03056,PF00156.28
Aq_sp_Aq135_03057,PF13238.7
Aq_sp_Aq135_03058,PF02012.21
Aq_sp_Aq135_03059,PF13715.7
Aq_sp_Aq135_03060,PF16344.6
Aq_sp_Aq135_03061,PF00196.20
Aq_sp_Aq135_03062,PF02607.18
Aq_sp_Aq135_03063,PF01593.25
Aq_sp_Aq135_03064,PF00494.20
Aq_sp_Aq135_03065,PF04116.14
Aq_sp_Aq135_03066,PF00578.22
Aq_sp_Aq135_03067,PF10099.10
Aq_sp_Aq135_03068,PF00027.30
Aq_sp_Aq135_03069,PF00330.21
Aq_sp_Aq135_03071,PF13648.7
Aq_sp_Aq135_03072,PF07726.12
Aq_sp_Aq135_03073,PF00639.22
Aq_sp_Aq135_03074,PF13145.7
Aq_sp_Aq135_03075,PF00639.22
Aq_sp_Aq135_03077,PF03938.15
Aq_sp_Aq135_03078,PF00571.29
Aq_sp_Aq135_03079,PF01569.22
Aq_sp_Aq135_03081,PF13163.7
Aq_sp_Aq135_03082,PF10101.10
Aq_sp_Aq135_03084,PF12094.9
Aq_sp_Aq135_03085,PF14086.7
Aq_sp_Aq135_03086,PF02424.16
Aq_sp_Aq135_03087,PF13098.7
Aq_sp_Aq135_03088,PF00210.25
Aq_sp_Aq135_03089,PF13426.8
Aq_sp_Aq135_03090,PF13715.7
Aq_sp_Aq135_03091,PF05090.15
Aq_sp_Aq135_03092,PF09375.11
Aq_sp_Aq135_03093,PF16148.6
Aq_sp_Aq135_03094,PF00682.20
Aq_sp_Aq135_03095,PF07696.12
Aq_sp_Aq135_03097,PF00691.21
Aq_sp_Aq135_03099,PF01391.19
Aq_sp_Aq135_03100,PF01810.19
Aq_sp_Aq135_03101,PF01180.22
Aq_sp_Aq135_03102,PF07687.15
Aq_sp_Aq135_03103,PF00924.19
Aq_sp_Aq135_03104,PF02699.16
Aq_sp_Aq135_03105,PF07610.12
Aq_sp_Aq135_03106,PF01029.19
Aq_sp_Aq135_03107,PF00208.22
Aq_sp_Aq135_03108,PF00664.24
Aq_sp_Aq135_03109,PF11680.9
Aq_sp_Aq135_03110,PF00246.25
Aq_sp_Aq135_03111,PF00578.22
Aq_sp_Aq135_03113,PF00254.29
Aq_sp_Aq135_03114,COG3275
Aq_sp_Aq135_03115,PF00270.30
Aq_sp_Aq135_03116,PF00571.29
Aq_sp_Aq135_03117,PF00902.19
Aq_sp_Aq135_03118,PF02627.21
Aq_sp_Aq135_03119,PF00005.28
Aq_sp_Aq135_03120,PF01066.22
Aq_sp_Aq135_03121,PF00795.23
Aq_sp_Aq135_03123,PF13304.7
Aq_sp_Aq135_03125,PF00989.26
Aq_sp_Aq135_03126,PF13304.7
Aq_sp_Aq135_03127,PF00474.18
Aq_sp_Aq135_03128,PF13380.7
Aq_sp_Aq135_03129,PF02518.27
Aq_sp_Aq135_03130,PF13715.7
Aq_sp_Aq135_03131,PF08545.11
Aq_sp_Aq135_03132,PF02518.27
Aq_sp_Aq135_03133,PF00196.20
Aq_sp_Aq135_03134,PF13715.7
Aq_sp_Aq135_03136,PF09630.11
Aq_sp_Aq135_03138,PF01400.25
Aq_sp_Aq135_03140,PF02311.20
Aq_sp_Aq135_03141,PF02265.17
Aq_sp_Aq135_03142,PF12146.9
Aq_sp_Aq135_03143,PF00702.27
Aq_sp_Aq135_03144,PF05299.13
Aq_sp_Aq135_03145,PF05684.13
Aq_sp_Aq135_03146,PF14289.7
Aq_sp_Aq135_03147,PF18962.1
Aq_sp_Aq135_03149,PF00293.29
Aq_sp_Aq135_03150,PF01242.20
Aq_sp_Aq135_03151,PF00691.21
Aq_sp_Aq135_03152,PF11751.9
Aq_sp_Aq135_03153,PF13585.7
Aq_sp_Aq135_03154,PF00009.28
Aq_sp_Aq135_03155,PF11950.9
Aq_sp_Aq135_03156,PF04997.13
Aq_sp_Aq135_03157,PF04563.16
Aq_sp_Aq135_03158,PF00542.20
Aq_sp_Aq135_03159,PF00466.21
Aq_sp_Aq135_03160,PF00687.22
Aq_sp_Aq135_03161,PF00298.20
Aq_sp_Aq135_03162,PF00467.30
Aq_sp_Aq135_03163,PF00009.28
Aq_sp_Aq135_03164,PF00589.23
Aq_sp_Aq135_03165,GH13_7
Aq_sp_Aq135_03166,PF00441.25
Aq_sp_Aq135_03167,PF12836.8
Aq_sp_Aq135_03168,PF01235.18
Aq_sp_Aq135_03169,PF00520.32
Aq_sp_Aq135_03170,PF11013.9
Aq_sp_Aq135_03171,PF00578.22
Aq_sp_Aq135_03172,PF12833.8
Aq_sp_Aq135_03173,PF00571.29
Aq_sp_Aq135_03174,PF02687.22
Aq_sp_Aq135_03175,PF07075.12
Aq_sp_Aq135_03176,PF02518.27
Aq_sp_Aq135_03177,PF00196.20
Aq_sp_Aq135_03178,PF13585.7
Aq_sp_Aq135_03179,PF11751.9
Aq_sp_Aq135_03180,PF13585.7
Aq_sp_Aq135_03182,PF04402.15
Aq_sp_Aq135_03183,PF12103.9
Aq_sp_Aq135_03185,PF01145.26
Aq_sp_Aq135_03187,PF12103.9
Aq_sp_Aq135_03188,PF03692.16
Aq_sp_Aq135_03189,PF08241.13
Aq_sp_Aq135_03192,PF04542.15
Aq_sp_Aq135_03193,PF01979.21
Aq_sp_Aq135_03194,GH18
Aq_sp_Aq135_03195,PF01551.23
Aq_sp_Aq135_03196,PF00593.25
Aq_sp_Aq135_03197,PF12895.8
Aq_sp_Aq135_03198,PF13304.7
Aq_sp_Aq135_03199,PF01588.21
Aq_sp_Aq135_03200,PF00679.25
Aq_sp_Aq135_03202,PF00793.21
Aq_sp_Aq135_03203,PF08818.12
Aq_sp_Aq135_03205,PF13601.7
Aq_sp_Aq135_03206,PF05019.14
Aq_sp_Aq135_03207,PF07099.12
Aq_sp_Aq135_03208,PF06123.13
Aq_sp_Aq135_03209,PF02643.16
Aq_sp_Aq135_03210,PF00873.20
Aq_sp_Aq135_03212,COG0342
Aq_sp_Aq135_03213,PF02866.19
Aq_sp_Aq135_03215,PF00204.26
Aq_sp_Aq135_03216,PF00733.22
Aq_sp_Aq135_03217,PF11138.9
Aq_sp_Aq135_03218,PF13353.7
Aq_sp_Aq135_03219,PF01042.22
Aq_sp_Aq135_03220,PF05872.13
Aq_sp_Aq135_03222,PF00561.21
Aq_sp_Aq135_03223,PF04402.15
Aq_sp_Aq135_03224,PF00849.23
Aq_sp_Aq135_03225,PF02183.19
Aq_sp_Aq135_03226,PF04116.14
Aq_sp_Aq135_03227,PF00171.23
Aq_sp_Aq135_03228,PF15943.6
Aq_sp_Aq135_03229,PF12833.8
Aq_sp_Aq135_03232,PF02627.21
Aq_sp_Aq135_03233,PF00127.21
Aq_sp_Aq135_03235,PF01408.23
Aq_sp_Aq135_03236,PF02311.20
Aq_sp_Aq135_03237,PF00266.20
Aq_sp_Aq135_03238,PF01266.25
Aq_sp_Aq135_03239,PF01042.22
Aq_sp_Aq135_03240,PF09339.11
Aq_sp_Aq135_03241,PF00171.23
Aq_sp_Aq135_03242,PF00106.26
Aq_sp_Aq135_03243,PF06052.13
Aq_sp_Aq135_03244,PF04909.15
Aq_sp_Aq135_03245,PF13578.7
Aq_sp_Aq135_03246,PF00082.23
Aq_sp_Aq135_03247,PF02416.17
Aq_sp_Aq135_03248,PF01433.21
Aq_sp_Aq135_03250,PF13715.7
Aq_sp_Aq135_03252,PF13715.7
Aq_sp_Aq135_03253,PF03575.18
Aq_sp_Aq135_03254,PF04960.16
Aq_sp_Aq135_03256,GT2_Glycos_transf_2
Aq_sp_Aq135_03257,PF01408.23
Aq_sp_Aq135_03258,PF00132.25
Aq_sp_Aq135_03259,PF00515.29
Aq_sp_Aq135_03260,PF00535.27
Aq_sp_Aq135_03261,PF03706.14
Aq_sp_Aq135_03262,PF08241.13
Aq_sp_Aq135_03263,PF13304.7
Aq_sp_Aq135_03265,PF00923.20
Aq_sp_Aq135_03266,PF00106.26
Aq_sp_Aq135_03267,PF05096.13
Aq_sp_Aq135_03268,PF03880.16
Aq_sp_Aq135_03269,PF13715.7
Aq_sp_Aq135_03270,PF00588.20
Aq_sp_Aq135_03271,PF00924.19
Aq_sp_Aq135_03272,PF13620.7
Aq_sp_Aq135_03273,GCBM9
Aq_sp_Aq135_03274,PF12893.8
Aq_sp_Aq135_03275,PF06580.14
Aq_sp_Aq135_03276,PF04397.16
Aq_sp_Aq135_03280,PF17642.2
Aq_sp_Aq135_03281,PF11751.9
Aq_sp_Aq135_03282,PF11751.9
Aq_sp_Aq135_03283,K00957
Aq_sp_Aq135_03284,PF00009.28
Aq_sp_Aq135_03285,PF03601.15
Aq_sp_Aq135_03286,PF09834.10
Aq_sp_Aq135_03287,PF01507.20
Aq_sp_Aq135_03291,PF00515.29
Aq_sp_Aq135_03294,PF13229.7
Aq_sp_Aq135_03295,PF07411.13
Aq_sp_Aq135_03296,PF18735.2
Aq_sp_Aq135_03297,PF13585.7
Aq_sp_Aq135_03298,PF18962.1
Aq_sp_Aq135_03299,PF13585.7
Aq_sp_Aq135_03302,GH109
Aq_sp_Aq135_03303,PF10509.10
Aq_sp_Aq135_03304,PF00483.24
Aq_sp_Aq135_03305,PF12833.8
Aq_sp_Aq135_03306,PF00441.25
Aq_sp_Aq135_03307,PF00208.22
Aq_sp_Aq135_03308,PF03600.17
Aq_sp_Aq135_03309,PF01618.17
Aq_sp_Aq135_03310,PF02472.17
Aq_sp_Aq135_03312,PF08245.13
Aq_sp_Aq135_03313,PF01648.21
Aq_sp_Aq135_03314,PF10851.9
Aq_sp_Aq135_03315,PF01225.26
Aq_sp_Aq135_03316,PF03781.17
Aq_sp_Aq135_03317,COG2067
Aq_sp_Aq135_03318,PF00383.24
Aq_sp_Aq135_03319,PF00676.21
Aq_sp_Aq135_03320,PF00198.24
Aq_sp_Aq135_03321,PF01546.29
Aq_sp_Aq135_03322,PF00106.26
Aq_sp_Aq135_03325,PF12034.9
Aq_sp_Aq135_03326,PF14257.7
Aq_sp_Aq135_03327,PF10263.10
Aq_sp_Aq135_03328,PF00483.24
Aq_sp_Aq135_03329,PF04087.15
Aq_sp_Aq135_03330,GCE1
Aq_sp_Aq135_03333,PF12833.8
Aq_sp_Aq135_03334,PF13304.7
Aq_sp_Aq135_03335,PF02405.17
Aq_sp_Aq135_03336,PF01663.23
Aq_sp_Aq135_03337,PF00578.22
Aq_sp_Aq135_03338,GT2_Glycos_transf_2
Aq_sp_Aq135_03342,PF00266.20
Aq_sp_Aq135_03344,PF04542.15
Aq_sp_Aq135_03345,PF08338.12
Aq_sp_Aq135_03346,PF02353.21
Aq_sp_Aq135_03348,PF12840.8
Aq_sp_Aq135_03349,PF01546.29
Aq_sp_Aq135_03350,PF01432.21
Aq_sp_Aq135_03351,PF00731.21
Aq_sp_Aq135_03352,PF02222.23
Aq_sp_Aq135_03353,PF13207.7
Aq_sp_Aq135_03354,PF02421.19
Aq_sp_Aq135_03355,PF09601.11
Aq_sp_Aq135_03356,PF00207.23
Aq_sp_Aq135_03357,PF01225.26
Aq_sp_Aq135_03358,PF07606.12
Aq_sp_Aq135_03360,PF04002.16
Aq_sp_Aq135_03362,PF13419.7
Aq_sp_Aq135_03364,PF00004.30
Aq_sp_Aq135_03365,PF01694.23
Aq_sp_Aq135_03366,PF00588.20
Aq_sp_Aq135_03368,PF12741.8
Aq_sp_Aq135_03369,PF13715.7
Aq_sp_Aq135_03370,PF00164.26
Aq_sp_Aq135_03371,PF00177.22
Aq_sp_Aq135_03372,PF00679.25
Aq_sp_Aq135_03373,PF00338.23
Aq_sp_Aq135_03374,PF00297.23
Aq_sp_Aq135_03375,PF00573.23
Aq_sp_Aq135_03376,PF00276.21
Aq_sp_Aq135_03377,PF00181.24
Aq_sp_Aq135_03378,PF00203.22
Aq_sp_Aq135_03379,PF00237.20
Aq_sp_Aq135_03380,PF07650.18
Aq_sp_Aq135_03381,PF00252.19
Aq_sp_Aq135_03382,PF00831.24
Aq_sp_Aq135_03383,PF00238.20
Aq_sp_Aq135_03384,PF00467.30
Aq_sp_Aq135_03385,PF00281.20
Aq_sp_Aq135_03386,PF00253.22
Aq_sp_Aq135_03387,PF00410.20
Aq_sp_Aq135_03388,PF00347.24
Aq_sp_Aq135_03389,PF00861.23
Aq_sp_Aq135_03390,PF00333.21
Aq_sp_Aq135_03391,PF00828.20
Aq_sp_Aq135_03392,PF00344.21
Aq_sp_Aq135_03393,PF01176.20
Aq_sp_Aq135_03394,PF00416.23
Aq_sp_Aq135_03395,PF00411.20
Aq_sp_Aq135_03396,PF00163.20
Aq_sp_Aq135_03397,PF01000.27
Aq_sp_Aq135_03398,PF01196.20
Aq_sp_Aq135_03399,PF00988.23
Aq_sp_Aq135_03400,PF00113.23
Aq_sp_Aq135_03401,PF00285.22
Aq_sp_Aq135_03402,PF00491.22
Aq_sp_Aq135_03403,PF02274.18
Aq_sp_Aq135_03404,PF02082.21
Aq_sp_Aq135_03405,PF06206.12
Aq_sp_Aq135_03406,PF11066.9
Aq_sp_Aq135_03407,PF03485.17
Aq_sp_Aq135_03408,PF00583.26
Aq_sp_Aq135_03409,PF01656.24
Aq_sp_Aq135_03410,PF00763.24
Aq_sp_Aq135_03412,PF01625.22
Aq_sp_Aq135_03413,PF00006.26
Aq_sp_Aq135_03414,PF14126.7
Aq_sp_Aq135_03417,PF12850.8
Aq_sp_Aq135_03418,PF01416.21
Aq_sp_Aq135_03419,PF00664.24
Aq_sp_Aq135_03420,PF02457.17
Aq_sp_Aq135_03421,PF08239.12
Aq_sp_Aq135_03422,PF00809.23
Aq_sp_Aq135_03423,PF07659.12
Aq_sp_Aq135_03424,PF07681.13
Aq_sp_Aq135_03425,PF00528.23
Aq_sp_Aq135_03426,PF00121.19
Aq_sp_Aq135_03427,PF13649.7
Aq_sp_Aq135_03428,PF02617.18
Aq_sp_Aq135_03429,PF00413.25
Aq_sp_Aq135_03430,PF00440.24
Aq_sp_Aq135_03431,PF00664.24
Aq_sp_Aq135_03432,PF00364.23
Aq_sp_Aq135_03433,PF02321.19
Aq_sp_Aq135_03435,PF07044.12
Aq_sp_Aq135_03436,PF00873.20
Aq_sp_Aq135_03437,PF16925.6
Aq_sp_Aq135_03438,PF03572.19
Aq_sp_Aq135_03440,PF12850.8
Aq_sp_Aq135_03441,COG0591
Aq_sp_Aq135_03442,PF12741.8
Aq_sp_Aq135_03443,PF13715.7
Aq_sp_Aq135_03444,PF09837.10
Aq_sp_Aq135_03445,PF07638.12
Aq_sp_Aq135_03446,PF16344.6
Aq_sp_Aq135_03447,PF13715.7
Aq_sp_Aq135_03448,PF14322.7
Aq_sp_Aq135_03449,PF00578.22
Aq_sp_Aq135_03450,PF00675.21
Aq_sp_Aq135_03451,PF11412.9
Aq_sp_Aq135_03452,PF00578.22
Aq_sp_Aq135_03453,PF00291.26
Aq_sp_Aq135_03454,PF02492.20
Aq_sp_Aq135_03455,PF01923.19
Aq_sp_Aq135_03456,PF00590.21
Aq_sp_Aq135_03457,PF02570.16
Aq_sp_Aq135_03458,PF00881.25
Aq_sp_Aq135_03461,PF04542.15
Aq_sp_Aq135_03464,PF00590.21
Aq_sp_Aq135_03465,PF01890.17
Aq_sp_Aq135_03466,PF02571.15
Aq_sp_Aq135_03467,PF01888.18
Aq_sp_Aq135_03469,PF00588.20
Aq_sp_Aq135_03471,PF02518.27
Aq_sp_Aq135_03472,PF00196.20
Aq_sp_Aq135_03474,PF01650.19
Aq_sp_Aq135_03476,PF13676.7
Aq_sp_Aq135_03479,PF00520.32
Aq_sp_Aq135_03480,PF07411.13
Aq_sp_Aq135_03481,PF13031.7
Aq_sp_Aq135_03482,PF08388.12
Aq_sp_Aq135_03486,PF01609.22
Aq_sp_Aq135_03488,PF01610.18
Aq_sp_Aq135_03494,PF02517.17
Aq_sp_Aq135_03495,PF00041.22
Aq_sp_Aq135_03496,COG3663
Aq_sp_Aq135_03497,PF02423.16
Aq_sp_Aq135_03498,PF00155.22
Aq_sp_Aq135_03500,PF06940.12
Aq_sp_Aq135_03501,PF00290.21
Aq_sp_Aq135_03502,PF00291.26
Aq_sp_Aq135_03503,PF00697.23
Aq_sp_Aq135_03504,PF01370.22
Aq_sp_Aq135_03505,PF00218.22
Aq_sp_Aq135_03506,PF04229.15
Aq_sp_Aq135_03508,PF00591.22
Aq_sp_Aq135_03509,PF00117.29
Aq_sp_Aq135_03510,PF04715.14
Aq_sp_Aq135_03511,PF04264.14
Aq_sp_Aq135_03512,PF01047.23
Aq_sp_Aq135_03513,PF00578.22
Aq_sp_Aq135_03514,PF00578.22
Aq_sp_Aq135_03515,PF00581.21
Aq_sp_Aq135_03516,PF00581.21
Aq_sp_Aq135_03517,PF00480.21
Aq_sp_Aq135_03518,GH92
Aq_sp_Aq135_03519,PF07690.17
Aq_sp_Aq135_03520,PF00480.21
Aq_sp_Aq135_03521,GH92
Aq_sp_Aq135_03522,PF14322.7
Aq_sp_Aq135_03523,PF13715.7
Aq_sp_Aq135_03524,PF01037.22
Aq_sp_Aq135_03525,PF04773.14
Aq_sp_Aq135_03526,PF00578.22
Aq_sp_Aq135_03527,PF13585.7
Aq_sp_Aq135_03528,PF01131.21
Aq_sp_Aq135_03530,PF01136.20
Aq_sp_Aq135_03531,GT2_Glycos_transf_2
Aq_sp_Aq135_03532,PF04542.15
Aq_sp_Aq135_03533,PF04773.14
Aq_sp_Aq135_03534,PF13715.7
Aq_sp_Aq135_03535,PF14322.7
Aq_sp_Aq135_03536,PF16132.6
Aq_sp_Aq135_03538,PF02311.20
Aq_sp_Aq135_03539,PF01551.23
Aq_sp_Aq135_03540,PF00196.20
Aq_sp_Aq135_03541,PF16344.6
Aq_sp_Aq135_03542,PF13715.7
Aq_sp_Aq135_03543,PF05076.14
Aq_sp_Aq135_03544,PF05593.15
Aq_sp_Aq135_03545,PF05593.15
Aq_sp_Aq135_03546,PF05222.16
Aq_sp_Aq135_03547,PF00215.25
Aq_sp_Aq135_03548,PF01497.19
Aq_sp_Aq135_03549,PF00561.21
Aq_sp_Aq135_03550,PF13852.7
Aq_sp_Aq135_03551,PF12706.8
Aq_sp_Aq135_03552,PF01842.26
Aq_sp_Aq135_03553,PF02310.20
Aq_sp_Aq135_03554,PF00756.21
Aq_sp_Aq135_03556,PF01037.22
Aq_sp_Aq135_03557,PF04542.15
Aq_sp_Aq135_03559,PF01965.25
Aq_sp_Aq135_03560,PF07690.17
Aq_sp_Aq135_03561,PF07920.12
Aq_sp_Aq135_03562,PF07642.12
Aq_sp_Aq135_03563,PF07642.12
Aq_sp_Aq135_03564,PF02537.16
Aq_sp_Aq135_03565,PF14526.7
Aq_sp_Aq135_03566,PF03571.16
Aq_sp_Aq135_03568,PF00196.20
Aq_sp_Aq135_03569,PF02518.27
Aq_sp_Aq135_03571,PF01503.18
Aq_sp_Aq135_03572,PF01063.20
Aq_sp_Aq135_03573,PF16267.6
Aq_sp_Aq135_03574,PF05430.12
Aq_sp_Aq135_03575,PF08338.12
Aq_sp_Aq135_03576,PF04264.14
Aq_sp_Aq135_03577,PF01025.20
Aq_sp_Aq135_03578,PF00226.32
Aq_sp_Aq135_03579,PF13304.7
Aq_sp_Aq135_03580,PF12698.8
Aq_sp_Aq135_03581,PF00924.19
Aq_sp_Aq135_03582,PF13505.7
Aq_sp_Aq135_03583,PF00004.30
Aq_sp_Aq135_03585,PF03976.15
Aq_sp_Aq135_03586,PF01546.29
Aq_sp_Aq135_03587,PF00583.26
Aq_sp_Aq135_03589,PF01554.19
Aq_sp_Aq135_03590,PF00691.21
Aq_sp_Aq135_03592,PF01569.22
Aq_sp_Aq135_03593,GT51
Aq_sp_Aq135_03594,PF02028.18
Aq_sp_Aq135_03597,PF09411.11
Aq_sp_Aq135_03598,PF01656.24
Aq_sp_Aq135_03599,PF11138.9
Aq_sp_Aq135_03600,PF04542.15
Aq_sp_Aq135_03603,PF18962.1
Aq_sp_Aq135_03605,PF04542.15
Aq_sp_Aq135_03607,PF13675.7
Aq_sp_Aq135_03608,PF07517.15
Aq_sp_Aq135_03609,PF11387.9
Aq_sp_Aq135_03610,PF01923.19
Aq_sp_Aq135_03611,PF00583.26
Aq_sp_Aq135_03612,PF02132.16
Aq_sp_Aq135_03613,PF00198.24
Aq_sp_Aq135_03614,PF09346.11
Aq_sp_Aq135_03615,PF00027.30
Aq_sp_Aq135_03616,PF00881.25
Aq_sp_Aq135_03617,PF04657.14
Aq_sp_Aq135_03618,PF13673.8
Aq_sp_Aq135_03619,PF03929.17
Aq_sp_Aq135_03620,PF13715.7
Aq_sp_Aq135_03622,PF00950.18
Aq_sp_Aq135_03623,PF00950.18
Aq_sp_Aq135_03624,PF13304.7
Aq_sp_Aq135_03625,PF01297.18
Aq_sp_Aq135_03626,PF00578.22
Aq_sp_Aq135_03627,PF13715.7
Aq_sp_Aq135_03628,PF04023.15
Aq_sp_Aq135_03629,PF00929.25
Aq_sp_Aq135_03630,PF01557.19
Aq_sp_Aq135_03631,COG2198
Aq_sp_Aq135_03632,PF02464.18
Aq_sp_Aq135_03634,PF00830.20
Aq_sp_Aq135_03635,PF13191.7
Aq_sp_Aq135_03636,PF01425.22
Aq_sp_Aq135_03637,PF00144.25
Aq_sp_Aq135_03638,PF04055.22
Aq_sp_Aq135_03640,PF01609.22
Aq_sp_Aq135_03645,PF13585.7
Aq_sp_Aq135_03646,PF09038.11
Aq_sp_Aq135_03647,PF00041.22
Aq_sp_Aq135_03649,PF00041.22
Aq_sp_Aq135_03651,PF05147.14
Aq_sp_Aq135_03652,PF03572.19
Aq_sp_Aq135_03653,PF12833.8
Aq_sp_Aq135_03655,PF02913.20
Aq_sp_Aq135_03656,PF02652.15
Aq_sp_Aq135_03657,PF12840.8
Aq_sp_Aq135_03658,PF02518.27
Aq_sp_Aq135_03659,PF00072.25
Aq_sp_Aq135_03660,PF01494.20
Aq_sp_Aq135_03661,PF12710.8
Aq_sp_Aq135_03662,PF09346.11
Aq_sp_Aq135_03663,PF07690.17
Aq_sp_Aq135_03664,PF03167.20
Aq_sp_Aq135_03665,PF01578.21
Aq_sp_Aq135_03666,PF06537.12
Aq_sp_Aq135_03667,PF10728.10
Aq_sp_Aq135_03668,PF13419.7
Aq_sp_Aq135_03670,PF01725.17
Aq_sp_Aq135_03671,PF02517.17
Aq_sp_Aq135_03672,PF03553.15
Aq_sp_Aq135_03673,PF03061.23
Aq_sp_Aq135_03674,PF00881.25
Aq_sp_Aq135_03675,PF00155.22
Aq_sp_Aq135_03676,PF08877.11
Aq_sp_Aq135_03677,PF13442.7
Aq_sp_Aq135_03678,PF05922.17
Aq_sp_Aq135_03679,PF05922.17
Aq_sp_Aq135_03680,PF05922.17
Aq_sp_Aq135_03681,PF02222.23
Aq_sp_Aq135_03682,PF17874.2
Aq_sp_Aq135_03683,PF00578.22
Aq_sp_Aq135_03684,PF01925.20
Aq_sp_Aq135_03685,GH23
Aq_sp_Aq135_03687,PF14542.7
Aq_sp_Aq135_03688,PF04055.22
Aq_sp_Aq135_03689,PF00496.23
Aq_sp_Aq135_03691,PF13562.7
Aq_sp_Aq135_03692,PF01197.19
Aq_sp_Aq135_03693,PF13858.7
Aq_sp_Aq135_03694,GT2
Aq_sp_Aq135_03695,PF02878.17
Aq_sp_Aq135_03696,PF00664.24
Aq_sp_Aq135_03697,PF04542.15
Aq_sp_Aq135_03700,PF02012.21
Aq_sp_Aq135_03701,PF13847.7
Aq_sp_Aq135_03703,PF02769.23
Aq_sp_Aq135_03704,PF00501.29
Aq_sp_Aq135_03705,PF13463.7
Aq_sp_Aq135_03706,PF00725.23
Aq_sp_Aq135_03707,PF05635.12
Aq_sp_Aq135_03708,PF02803.19
Aq_sp_Aq135_03709,PF00441.25
Aq_sp_Aq135_03710,PF12799.8
Aq_sp_Aq135_03711,GCBM9
Aq_sp_Aq135_03712,PF07690.17
Aq_sp_Aq135_03713,PF00196.20
Aq_sp_Aq135_03714,PF16344.6
Aq_sp_Aq135_03715,PF13715.7
Aq_sp_Aq135_03716,PF14322.7
Aq_sp_Aq135_03717,PF15890.6
Aq_sp_Aq135_03718,PF14135.7
Aq_sp_Aq135_03719,PF04389.18
Aq_sp_Aq135_03720,PF01433.21
Aq_sp_Aq135_03721,PF00583.26
Aq_sp_Aq135_03722,PF00903.26
Aq_sp_Aq135_03723,PF01636.24
Aq_sp_Aq135_03724,PF00450.23
Aq_sp_Aq135_03725,PF02678.17
Aq_sp_Aq135_03726,PF02518.27
Aq_sp_Aq135_03727,PF02518.27
Aq_sp_Aq135_03728,PF08907.12
Aq_sp_Aq135_03729,PF18962.1
Aq_sp_Aq135_03730,PF07728.15
Aq_sp_Aq135_03731,PF13519.7
Aq_sp_Aq135_03734,PF02012.21
Aq_sp_Aq135_03735,PF00561.21
Aq_sp_Aq135_03736,PF12833.8
Aq_sp_Aq135_03738,PF12799.8
Aq_sp_Aq135_03739,PF00857.21
Aq_sp_Aq135_03740,PF00376.24
Aq_sp_Aq135_03742,PF01833.25
Aq_sp_Aq135_03743,PF00583.26
Aq_sp_Aq135_03744,PF00756.21
Aq_sp_Aq135_03746,PF18962.1
Aq_sp_Aq135_03747,PF18950.1
Aq_sp_Aq135_03749,PF06580.14
Aq_sp_Aq135_03750,PF04397.16
Aq_sp_Aq135_03752,PF02012.21
Aq_sp_Aq135_03753,PF03653.14
Aq_sp_Aq135_03754,PF00583.26
Aq_sp_Aq135_03755,PF08340.12
Aq_sp_Aq135_03756,PF13238.7
Aq_sp_Aq135_03757,PF01467.27
Aq_sp_Aq135_03758,PF00440.24
Aq_sp_Aq135_03759,PF00378.21
Aq_sp_Aq135_03760,PF02518.27
Aq_sp_Aq135_03761,PF13304.7
Aq_sp_Aq135_03762,PF01144.24
Aq_sp_Aq135_03764,PF10417.10
Aq_sp_Aq135_03765,PF01144.24
Aq_sp_Aq135_03766,GT51
Aq_sp_Aq135_03767,PF14109.7
Aq_sp_Aq135_03768,PF04468.13
Aq_sp_Aq135_03769,PF00581.21
Aq_sp_Aq135_03770,PF13479.7
Aq_sp_Aq135_03772,PF07638.12
Aq_sp_Aq135_03773,PF13568.7
Aq_sp_Aq135_03774,PF01553.22
Aq_sp_Aq135_03775,PF00579.26
Aq_sp_Aq135_03776,COG4335
Aq_sp_Aq135_03779,PF02912.19
Aq_sp_Aq135_03782,PF02655.15
Aq_sp_Aq135_03783,PF14402.7
Aq_sp_Aq135_03784,PF04542.15
Aq_sp_Aq135_03785,PF16344.6
Aq_sp_Aq135_03786,PF13715.7
Aq_sp_Aq135_03788,PF02674.17
Aq_sp_Aq135_03789,PF01740.22
Aq_sp_Aq135_03790,PF00484.20
Aq_sp_Aq135_03791,PF16983.6
Aq_sp_Aq135_03792,PF08239.12
Aq_sp_Aq135_03793,PF13584.7
Aq_sp_Aq135_03794,PF12895.8
Aq_sp_Aq135_03795,PF07584.12
Aq_sp_Aq135_03796,PF07584.12
Aq_sp_Aq135_03798,PF01882.19
Aq_sp_Aq135_03799,PF07726.12
Aq_sp_Aq135_03800,PF00106.26
Aq_sp_Aq135_03801,PF04326.15
Aq_sp_Aq135_03802,PF00149.29
Aq_sp_Aq135_03803,PF01145.26
Aq_sp_Aq135_03805,PF00342.20
Aq_sp_Aq135_03806,PF01551.23
Aq_sp_Aq135_03807,PF03301.14
Aq_sp_Aq135_03808,PF11306.9
Aq_sp_Aq135_03809,PF01557.19
Aq_sp_Aq135_03810,PF00903.26
Aq_sp_Aq135_03811,PF04209.14
Aq_sp_Aq135_03812,PF19143.1
Aq_sp_Aq135_03813,PF01541.25
Aq_sp_Aq135_03814,PF02655.15
Aq_sp_Aq135_03815,PF04952.15
Aq_sp_Aq135_03816,PF01812.21
Aq_sp_Aq135_03817,PF01252.19
Aq_sp_Aq135_03818,GH20
Aq_sp_Aq135_03819,PF01258.18
Aq_sp_Aq135_03820,PF08264.14
Aq_sp_Aq135_03821,PF00795.23
Aq_sp_Aq135_03822,PF13205.7
Aq_sp_Aq135_03823,PF00156.28
Aq_sp_Aq135_03825,PF03129.21
Aq_sp_Aq135_03826,PF18962.1
Aq_sp_Aq135_03828,PF03372.24
Aq_sp_Aq135_03829,PF00691.21
Aq_sp_Aq135_03830,PF13437.7
Aq_sp_Aq135_03831,PF00873.20
Aq_sp_Aq135_03834,PF13585.7
Aq_sp_Aq135_03836,PF00171.23
Aq_sp_Aq135_03838,PF07479.15
Aq_sp_Aq135_03839,PF07366.13
Aq_sp_Aq135_03840,PF00581.21
Aq_sp_Aq135_03841,GH3
Aq_sp_Aq135_03843,PF04116.14
Aq_sp_Aq135_03844,PF08238.13
Aq_sp_Aq135_03845,PF02481.16
Aq_sp_Aq135_03846,PF00216.22
Aq_sp_Aq135_03847,PF03061.23
Aq_sp_Aq135_03848,PF01551.23
Aq_sp_Aq135_03849,PF14125.7
Aq_sp_Aq135_03850,PF12895.8
Aq_sp_Aq135_03851,PF00132.25
Aq_sp_Aq135_03852,PF00692.20
Aq_sp_Aq135_03853,PF01554.19
Aq_sp_Aq135_03856,PF00231.20
Aq_sp_Aq135_03857,PF00006.26
Aq_sp_Aq135_03858,PF00213.19
Aq_sp_Aq135_03859,PF00430.19
Aq_sp_Aq135_03860,PF00137.22
Aq_sp_Aq135_03861,PF00119.21
Aq_sp_Aq135_03862,PF04519.14
Aq_sp_Aq135_03863,PF13181.7
Aq_sp_Aq135_03864,PF00970.25
Aq_sp_Aq135_03865,PF00994.25
Aq_sp_Aq135_03866,PF07859.14
Aq_sp_Aq135_03871,PF02492.20
Aq_sp_Aq135_03873,COG0664
Aq_sp_Aq135_03874,PF03352.14
Aq_sp_Aq135_03876,PF00756.21
Aq_sp_Aq135_03878,PF12833.8
Aq_sp_Aq135_03879,PF00903.26
Aq_sp_Aq135_03880,PF09966.10
Aq_sp_Aq135_03882,PF13470.7
Aq_sp_Aq135_03883,PF12728.8
Aq_sp_Aq135_03884,PF01381.23
Aq_sp_Aq135_03885,PF08843.12
Aq_sp_Aq135_03886,PF02805.17
Aq_sp_Aq135_03887,PF13714.7
